SOURCE_FORMID	PATCH_FORMID	EDITORID	NAME	SEX	HAIR	HL
020010FB	040010FB	ANQBanditMeleeF3AOrc	Bandit	F	0Leona	0LeonaHL
020010FC	040010FC	ANQBanditMeleeF3BRedguard	Bandit	F	0Koala	0KoalaHL
020010FE	040010FE	ANQBanditMeleeF4BImperial	Bandit	F	0Koala	0KoalaHL
02001100	04001100	ANQBanditMeleeM3AOrc	Bandit	M	0TheTruth	0TheTruthHL
02001101	04001101	ANQBanditMeleeM3BRedguard	Bandit	M	0RedRobin	0RedRobinHL
02001102	04001102	ANQBanditMeleeM4ASuthay	Bandit	M	0Victor	0VictorHL
02001103	04001103	ANQBanditMeleeM4BImperial	Bandit	M	0Theo	0TheoHL
02001108	04001108	ANQBanditMissileF2Ohmes	Bandit Bowman	F	0Laurell	0LaurellHL
02001109	04001109	ANQBanditMissileF3AOhmesRaht	Bandit Bowman	F	0Lenore	0LenoreHL
0200110C	0400110C	ANQBanditMissileF3BSuthay	Bandit Bowman	F	0Laurell	0LaurellHL
0200110E	0400110E	ANQBanditMissileF4AOhmes	Bandit Bowman	F	0Leona	0LeonaHL
02001110	04001110	ANQBanditMissileM2Ohmes	Bandit Bowman	M	0RedRobin	0RedRobinHL
02001111	04001111	ANQBanditMissileM3AOhmesRaht	Bandit Bowman	M	0TheTruth	0TheTruthHL
02001114	04001114	ANQBanditMissileM3BSuthay	Bandit Bowman	M	0Victor	0VictorHL
02001117	04001117	ANQBanditMissileM4AOhmes	Bandit Bowman	M	0Victor	0VictorHL
02001E87	04001E87	ANQCORKisimba	Kisimba	M	0Theo	0TheoHL
020028E0	040028E0	ANQALBAyishak	Ayishak	M	0TheTruth	0TheTruthHL
0200B68C	0400B68C	ANQDUNShanar	Shanar	M	0Victor	0VictorHL
0200B68E	0400B68E	ANQDUNSalun	Salun	M	0Victor	0VictorHL
0200E33D	0400E33D	ANQORCJNagasar	J'Nagasar	M	0RedRobin	0RedRobinHL
0200E3D4	0400E3D4	ANQORCMogadraGuush	Moga dra-Guush	F	0Koala	0KoalaHL
0200E3D6	0400E3D6	ANQORCAbgoldroLadug	Abgol dro-Ladug	M	0Theo	0TheoHL
0200F482	0400F482	ANQImperialLegionRiderDarkarn	Imperial Legion Soldier	M	0Victor	0VictorHL
0200F48F	0400F48F	ANQCaravanMerchant1	Caravan Merchant	M	0Victor	0VictorHL
0200F4A1	0400F4A1	ANQCaravanMerchant3	Caravan Merchant	M	0TheTruth	0TheTruthHL
0200FCE0	0400FCE0	ANQORCOrcrestGuardPostDay01	Orcrest Guard	M	0Theo	0TheoHL
0200FCE1	0400FCE1	ANQORCOrcrestGuardPostNight01	Orcrest Guard	M	0TheTruth	0TheTruthHL
0200FCE4	0400FCE4	ANQORCOrcrestGuardPostDay02	Orcrest Guard	M	0Theo	0TheoHL
0200FCE5	0400FCE5	ANQORCOrcrestGuardPostDay03	Orcrest Guard	M	0Theo	0TheoHL
0200FCE6	0400FCE6	ANQORCOrcrestGuardPostNight02	Orcrest Guard	M	0TheTruth	0TheTruthHL
0200FCE7	0400FCE7	ANQORCOrcrestGuardPostNight03	Orcrest Guard	M	0RedRobin	0RedRobinHL
0200FCF1	0400FCF1	ANQCORCorintheGuardPostDay02	Corinthe Guard	F	0Laurell	0LaurellHL
0200FCF2	0400FCF2	ANQCORCorintheGuardPostDay03	Corinthe Guard	M	0RedRobin	0RedRobinHL
0200FCF3	0400FCF3	ANQCORCorintheGuardPostNight01	Corinthe Guard	M	0TheTruth	0TheTruthHL
0200FCF5	0400FCF5	ANQCORCorintheGuardPostNight03	Corinthe Guard	F	0Koala	0KoalaHL
0200FE1E	0400FE1E	ANQTRBAzkhanWarChief	Azkhan War Chief	M	0Theo	0TheoHL
020105AB	040105AB	ANQDUNDuneGuardPostDay01	Dune Guard	M	0TheTruth	0TheTruthHL
020105EC	040105EC	ANQDUNDuneGuardPostDay02	Dune Guard	F	0Lenore	0LenoreHL
020105ED	040105ED	ANQDUNDuneGuardPostNight02	Dune Guard	M	0Victor	0VictorHL
02011616	04011616	ANQORCBrokumSharzog	Brokum Sharzog	M	0RedRobin	0RedRobinHL
02011618	04011618	ANQORCRogda	Rogda the Witch	F	0Lamb	0LambHL
0201161C	0401161C	ANQORCZabobgroDorg	Zabob gro-Dorg	M	0Victor	0VictorHL
02011620	04011620	ANQORCFodon	Fodon the Tall	M	0Theo	0TheoHL
0201162C	0401162C	ANQORCEloineBrigette	Eloine Brigette	F	0Lamb	0LambHL
0201162F	0401162F	ANQORCVaenenDres	Vaenen Dres	F	0Laurell	0LaurellHL
02011635	04011635	ANQORCBugdala	Bugdala	F	0Leona	0LeonaHL
02011638	04011638	ANQORCDornagraMorok	Dorna gra-Morok	F	0Lenore	0LenoreHL
0201163D	0401163D	ANQTRBAzkhanTribeswoman01	Azkhan Tribeswoman	F	0Lamb	0LambHL
02011640	04011640	ANQORCMensal	Mensal	M	0RedRobin	0RedRobinHL
02011642	04011642	ANQORCNirasja	Nirasja	F	0Lamb	0LambHL
02011645	04011645	ANQTRBAzkhanTribeswoman03	Azkhan Tribeswoman	F	0Koala	0KoalaHL
02011651	04011651	ANQORCDulphoggroNaybek	Dulphog gro-Naybek	M	0Victor	0VictorHL
02011653	04011653	ANQORCSlave01	Khajiit Slavegirl	F	0Leona	0LeonaHL
02011658	04011658	ANQORCSlave03	Khajiit Slavegirl	F	0Lamb	0LambHL
0201165A	0401165A	ANQORCSlave04	Khajiit Slave	M	0Victor	0VictorHL
0201179E	0401179E	ANQKNGKingsWalkGuardPostDay01	Caravanserie Guard	M	0RedRobin	0RedRobinHL
020120C5	040120C5	ANQKNGHilde	Hilde the Fair	F	0Lamb	0LambHL
020121D7	040121D7	ANQDUNMgada	Mgada the Wise	F	0Lamb	0LambHL
02012540	04012540	ANQDNCRoelof	Roelof	M	0Theo	0TheoHL
02012A0B	04012A0B	ANQKNGBuccioNorbanus	Buccio Norbanus	M	0RedRobin	0RedRobinHL
02012A11	04012A11	ANQKNGLyraNorbanus	Lyra Norbanus	F	0Lenore	0LenoreHL
02012A13	04012A13	ANQKNGBahdzirr	Bahdzirr	M	0Theo	0TheoHL
02012A19	04012A19	ANQORCUbaashi	Ubaashi	M	0Theo	0TheoHL
02012A1E	04012A1E	ANQKNGShabkagraDulfum	Shabka gra-Dulfum	F	0Laurell	0LaurellHL
02014D79	04014D79	ANQRHWajiq	Wajiq	M	0Theo	0TheoHL
02014F4E	04014F4E	ANQSQ05ValenwoodArcher01	Valenwood Soldier	M	0TheTruth	0TheTruthHL
02014F51	04014F51	ANQSQ05ValenwoodArcher02	Valenwood Soldier	F	0Lamb	0LambHL
02014F53	04014F53	ANQSQ05ValenwoodCaptain01	Valenwood Captain	M	0TheTruth	0TheTruthHL
02014F56	04014F56	ANQSQ05ValenwoodSoldier01	Valenwood Soldier	M	0RedRobin	0RedRobinHL
02015399	04015399	ANQRHCelithia	Celithia	F	0Lamb	0LambHL
020153AA	040153AA	ANQRHNasiusDio	Nasius Dio	M	0Theo	0TheoHL
02015A9E	04015A9E	ANQRHCorneliaDio	Cornelia Dio	F	0Lenore	0LenoreHL
02015B8C	04015B8C	ANQCORAshisha	Ashisha	F	0Koala	0KoalaHL
02015CD5	04015CD5	ANQCORGalwen	Galwen	M	0Victor	0VictorHL
02015DF2	04015DF2	ANQDNCMuraggraLazgarn	Murag gra-Lazgarn	F	0Koala	0KoalaHL
02015DF5	04015DF5	ANQRenrijraKrinRunner02	Renrijra Krin Runner	M	0Victor	0VictorHL
02015DF7	04015DF7	ANQRenrijraKrinRunner03	Renrijra Krin Runner	M	0TheTruth	0TheTruthHL
02015DF9	04015DF9	ANQRenrijraKrinRunner04	Renrijra Krin Runner	F	0Leona	0LeonaHL
02015DFB	04015DFB	ANQRenrijraKrinRunner05	Renrijra Krin Runner	F	0Lenore	0LenoreHL
02015ECB	04015ECB	ANQCORJinsiraga	Jinsiraga	F	0Laurell	0LaurellHL
0201664F	0401664F	ANQSQ02GrauushBonekeeper	Gra-uush Bonekeeper	M	0TheTruth	0TheTruthHL
020166C5	040166C5	ANQSQ09MadukLairBandit01	Bandit	M	0Victor	0VictorHL
02017D06	04017D06	ANQALBSmasirri	Smasirri	M	0TheTruth	0TheTruthHL
02017D0E	04017D0E	ANQALBLamdumaji	Lamdumaji	M	0Theo	0TheoHL
02017D12	04017D12	ANQALBHaerdica	Haerdica	F	0Lenore	0LenoreHL
02017D14	04017D14	ANQALBRaskiri	Raskiri	M	0RedRobin	0RedRobinHL
02018B69	04018B69	ANQMISCAgamanusPriest01	Priest of Agamanus	M	0Victor	0VictorHL
02018B6B	04018B6B	ANQMISCAgamanusPriest02	Priest of Agamanus	M	0TheTruth	0TheTruthHL
020193C0	040193C0	ANQCORNahdvirr	Nahdvirr	M	0RedRobin	0RedRobinHL
02019583	04019583	ANQCORFloressaDeMoer	Floressa de Moer	F	0Laurell	0LaurellHL
02019678	04019678	ANQDNCNisaba	Nisaba	F	0Leona	0LeonaHL
02019686	04019686	ANQDNCNahabirr	Nahabirr	M	0Theo	0TheoHL
0201A186	0401A186	ANQCORGhostTsanja	Ghost of Tsanja	F	0Laurell	0LaurellHL
0201AD98	0401AD98	ANQCORClabusPortius	Clabus Portius	M	0TheTruth	0TheTruthHL
0201ADA1	0401ADA1	ANQBRKLibiaBeltaire	Libia Beltaire	F	0Leona	0LeonaHL
0201ADB6	0401ADB6	ANQBRKWibbums	Wibbums	M	0TheTruth	0TheTruthHL
0201ADBA	0401ADBA	ANQBRKSnuggles	Snuggles	M	0TheTruth	0TheTruthHL
0201B7CF	0401B7CF	ANQCORSdarasgari	S'darasgari	M	0Theo	0TheoHL
0201B7E1	0401B7E1	ANQRHLucDemers	Luc Demers	M	0Theo	0TheoHL
0201B7E4	0401B7E4	ANQRHLovrynTherano	Lovryn Therano	M	0Theo	0TheoHL
0201C004	0401C004	ANQORCLaphkaGraLag	Laphka gra-Lag	F	0Lamb	0LambHL
0201C005	0401C005	ANQORCNamaSan	Nama San	F	0Lenore	0LenoreHL
0201C006	0401C006	ANQORCDeveryPaurel	Devery Paurel	M	0TheTruth	0TheTruthHL
0201C007	0401C007	ANQORCSunleyil	Sunleyil	M	0Victor	0VictorHL
0201C008	0401C008	ANQORCAvonisSari	Avonis Sari	M	0TheTruth	0TheTruthHL
0201C009	0401C009	ANQORCThodradil	Thodradil	M	0Theo	0TheoHL
0201C00A	0401C00A	ANQORCKoffuttoGroLag	Koffutto gro-Lag	M	0Theo	0TheoHL
0201C00B	0401C00B	ANQORCSlaabuGroOghdum	Slaabu gro-Oghdum	M	0RedRobin	0RedRobinHL
0201C00D	0401C00D	ANQORCDroZhid	Dro'Zhid	M	0RedRobin	0RedRobinHL
0201C022	0401C022	ANQORCAlicyaWhitelock	Alicya Whitelock	F	0Lenore	0LenoreHL
0201C0F2	0401C0F2	ANQRHRiverholdGuardPostNight01	Riverhold Guard	M	0TheTruth	0TheTruthHL
0201EDBF	0401EDBF	ANQRHJoRasma	Jo'Rasma	F	0Lamb	0LambHL
0201F509	0401F509	ANQRHJoFaraq	Jo'Faraq	M	0RedRobin	0RedRobinHL
0201F877	0401F877	ANQRHRiverholdGuardPostDay02	Riverhold Guard	M	0RedRobin	0RedRobinHL
0201F878	0401F878	ANQRHRiverholdGuardPostNight02	Riverhold Guard	M	0TheTruth	0TheTruthHL
0201F87F	0401F87F	ANQRHRiverholdGuardPostDay03	Riverhold Guard	F	0Leona	0LeonaHL
0201FFF8	0401FFF8	ANQBanditHighwayman01	The Friendly Highwayman	M	0Theo	0TheoHL
02020370	04020370	ANQCORJaRisha	Ja'Risha	F	0Laurell	0LaurellHL
02020450	04020450	ANQCORIulusTarpenius	Iulus Tarpenius	M	0TheTruth	0TheTruthHL
020206F3	040206F3	ANQRHRiverholdGuardPatrolDay01	Riverhold Guard	M	0RedRobin	0RedRobinHL
020208D1	040208D1	ANQSQ04DeadChild	Dead Boy	M	0Theo	0TheoHL
02020DEB	04020DEB	ANQRHRiverholdGuardPatrolDay02	Riverhold Guard	F	0Leona	0LeonaHL
02020DEC	04020DEC	ANQRHRiverholdGuardPatrolNight02	Riverhold Guard	F	0Leona	0LeonaHL
02020FC4	04020FC4	ANQBRKRarassa	Rarassa the Goatkeep	M	0TheTruth	0TheTruthHL
0202137D	0402137D	ANQDNCAlado	Alado	M	0Theo	0TheoHL
02021381	04021381	ANQDNCDavrick	Davrick	M	0Victor	0VictorHL
02021385	04021385	ANQMISCAgamanusPriest03	Priest of Agamanus	M	0RedRobin	0RedRobinHL
02021389	04021389	ANQDNCMansaba	Mansaba	F	0Leona	0LeonaHL
0202138B	0402138B	ANQCORUbalama	Ubalama	F	0Lamb	0LambHL
020218FE	040218FE	ANQCORCaecaRatTongue	Caeca Rat-Tongue	F	0Koala	0KoalaHL
02021902	04021902	ANQCORScabSkinHaraj	Scab-skin Haraj	M	0TheTruth	0TheTruthHL
0202219D	0402219D	ANQCORAzhaba	Azhaba	F	0Laurell	0LaurellHL
0202219F	0402219F	ANQCORNarinaPortius	Narina Portius	F	0Lamb	0LambHL
020221A1	040221A1	ANQCORHagulDroMagrush	Hagul dro-Magrush	M	0Victor	0VictorHL
020221A3	040221A3	ANQCORWilrick	Wilrick	M	0Victor	0VictorHL
020228A1	040228A1	ANQBRKZahraji	Zahraji	M	0Theo	0TheoHL
020228AB	040228AB	ANQBRKLutasma	Lutasma	F	0Koala	0KoalaHL
02022EB0	04022EB0	ANQCORCorintheGuardPatrolDay01	Corinthe Guard	F	0Laurell	0LaurellHL
02022EB4	04022EB4	ANQCORCorintheGuardPatrolNight01	Corinthe Guard	M	0TheTruth	0TheTruthHL
020231D6	040231D6	ANQCOROgradroBadrak	Ogra dro-Badrak	F	0Leona	0LeonaHL
020235B8	040235B8	ANQCORDungeonMadman01	Bosmer Madman	M	0TheTruth	0TheTruthHL
02023996	04023996	ANQCORGuidodeMoer	Guido de Moer	M	0Victor	0VictorHL
02024254	04024254	ANQCORDungeonCannibal02	Cannibal	M	0TheTruth	0TheTruthHL
02024259	04024259	ANQCORDungeonCannibal01	Cannibal	M	0RedRobin	0RedRobinHL
0202425D	0402425D	ANQCORDungeonCannibal03	Cannibal	M	0Victor	0VictorHL
020247DD	040247DD	ANQCOREvadeMoer	Eva de Moer	F	0Leona	0LeonaHL
020247E6	040247E6	ANQCORHzahbi	Hzahbi	M	0RedRobin	0RedRobinHL
0202DF89	0402DF89	ANQRHVeleucia	Veleucia	F	0Lamb	0LambHL
0202DF8C	0402DF8C	ANQRHDagokgroMolth	Dagok gro-Molth	M	0RedRobin	0RedRobinHL
0202E52F	0402E52F	ANQCORJolana	Jolana	F	0Laurell	0LaurellHL
0202E66A	0402E66A	ANQRHTchala	T'chala the Songstress	F	0Leona	0LeonaHL
0202E670	0402E670	ANQRHToran	Toran	M	0RedRobin	0RedRobinHL
0202ED46	0402ED46	ANQRHLomasa	Lomasa	F	0Leona	0LeonaHL
0202FB02	0402FB02	ANQRHYahsi	Yahsi the Barkeep	M	0RedRobin	0RedRobinHL
0203136E	0403136E	ANQORCBrotherLapeo	Brother Lapeo	M	0Victor	0VictorHL
020327B5	040327B5	ANQMNIdhassi	High Priestess Idhassi	F	0Laurell	0LaurellHL
020327B8	040327B8	ANQMNMShaani	Priestess M'Shaani	F	0Laurell	0LaurellHL
020327BC	040327BC	ANQMNJjarsa	Priestess J'Jarsa	F	0Lenore	0LenoreHL
020327C3	040327C3	ANQMNBahdani	Acolyte Bahdani	F	0Laurell	0LaurellHL
02032B3F	04032B3F	ANQORCAnakgroMorok	Anak gro-Morok	M	0TheTruth	0TheTruthHL
02033416	04033416	ANQORCDinhcara	Dinh'cara	F	0Laurell	0LaurellHL
0203341D	0403341D	ANQORCSalaunBrigette	Salaun Brigette	M	0RedRobin	0RedRobinHL
02033C17	04033C17	ANQTRBDgazahbaClanMother	Dgazehba Clan Mother	F	0Lamb	0LambHL
02033CAC	04033CAC	ANQCORAdrenSovalu	Adren Sovalu	M	0TheTruth	0TheTruthHL
02033CAF	04033CAF	ANQCORLlaveraSovalu	Llavera Sovalu	F	0Leona	0LeonaHL
0203464D	0403464D	ANQTRBAzkhanTribesman03	Azkhan Warrior	M	0Victor	0VictorHL
02034650	04034650	ANQTRBDgazahbaTribesman03	Dgazahba Warrior	M	0Theo	0TheoHL
02034655	04034655	ANQTRBDgazahbaTribesman02	Dgazahba Warrior	M	0TheTruth	0TheTruthHL
02034658	04034658	ANQTRBGbujewaWarChief	Gbujewa War Chief	M	0Victor	0VictorHL
0203465C	0403465C	ANQTRBDgazahbaTribeswoman01	Dgazahba Tribeswoman	F	0Lamb	0LambHL
0203466E	0403466E	ANQTRBAzkhanTribesman01	Azkhan Warrior	M	0RedRobin	0RedRobinHL
02034EF0	04034EF0	ANQORCMaHaffi	Ma'Haffi	M	0Theo	0TheoHL
020350D0	040350D0	ANQTRBDgazahbaTribeswoman03	Dgazahba Tribeswoman	F	0Koala	0KoalaHL
020350D2	040350D2	ANQTRBAzkhanClanMother	Azkhan Clan Mother	F	0Laurell	0LaurellHL
020365E7	040365E7	ANQSQ09DarshgraMaduk	Darsh gra-Maduk	F	0Lenore	0LenoreHL
02036ABD	04036ABD	ANQORCLurgogroHadagh	Lurgo gro-Hadagh	M	0Victor	0VictorHL
02036AC6	04036AC6	ANQORCTkajeja	T'kajeja	F	0Laurell	0LaurellHL
02036ACE	04036ACE	ANQORCInyel	Inyel	M	0Victor	0VictorHL
02037289	04037289	ANQCORSlaveKhamuzi	Khamuzi	F	0Lenore	0LenoreHL
0203728E	0403728E	ANQCORSlaveSholani	Sholani	M	0Theo	0TheoHL
02037294	04037294	ANQCORTsambadi	Lampkeeper Tsambadi	F	0Koala	0KoalaHL
02037CF7	04037CF7	ANQORCOyakhaSharzog	Oyakha Sharzog	F	0Lenore	0LenoreHL
02037DDC	04037DDC	ANQCORLadon	Ladon	M	0RedRobin	0RedRobinHL
0203884E	0403884E	ANQSQ11Moshi	Moshi	M	0TheTruth	0TheTruthHL
02038BFE	04038BFE	ANQORCStatillaCarauda	Statilla Carauda	F	0Lamb	0LambHL
02038DB7	04038DB7	ANQBRKImperialLegionSoldierInnDarkarn	Imperial Legion Soldier	M	0Theo	0TheoHL
0203BC35	0403BC35	ANQRHTylaena	Tylaena	F	0Lenore	0LenoreHL
0203BC88	0403BC88	ANQDNCGretje	Gretje	F	0Lamb	0LambHL
0203C8A9	0403C8A9	ANQCORVrydgartheBrazen	Vrydgar the Brazen	M	0Theo	0TheoHL
0203C8B7	0403C8B7	ANQCORIngaLooseLegs	Inga Loose-Legs	F	0Koala	0KoalaHL
0203C923	0403C923	ANQORCHidrak	Hidrak the Witch	F	0Koala	0KoalaHL
0203C931	0403C931	ANQORCGarlag	Garlag the Witch	F	0Leona	0LeonaHL
0203D349	0403D349	ANQCORMarahd	Marahd	M	0Theo	0TheoHL
0203D34E	0403D34E	ANQCORSnarriva	Snarriva	F	0Laurell	0LaurellHL
0203FF67	0403FF67	ANQDUNSabrusha	Sabrusha	F	0Laurell	0LaurellHL
020417AD	040417AD	ANQCORShedzana	Shedzana	F	0Lamb	0LambHL
020428AD	040428AD	ANQCORArchmageKreion	Archmage Kreion	M	0TheTruth	0TheTruthHL
02043126	04043126	ANQDUNRiThibb	Ri'Thibb	M	0TheTruth	0TheTruthHL
0204388E	0404388E	ANQCORPsharAbtanjana	P'shar Abtanjana	F	0Lamb	0LambHL
02044172	04044172	ANQORCSlobbyGabsak	Slobby Gabsak	M	0Theo	0TheoHL
02045B0C	04045B0C	ANQCORSayadra	Sayadra	F	0Koala	0KoalaHL
02045B0D	04045B0D	ANQCORLorrieneTarelle	Lorriene Tarelle	F	0Leona	0LeonaHL
02045B0E	04045B0E	ANQCORRaevusPalenix	Raevus Palenix	M	0RedRobin	0RedRobinHL
020464AC	040464AC	ANQCORDhajamuli	Dhajamuli	M	0RedRobin	0RedRobinHL
02046E44	04046E44	ANQCORPsharDroMalakad	P'shar Dro'Malakad	M	0Victor	0VictorHL
02048EC0	04048EC0	ANQCORCorinthePalaceGuardPostDay01	Corinthe Palace Guard	M	0Victor	0VictorHL
02048EC2	04048EC2	ANQCORCorinthePalaceGuardPostDay02	Corinthe Palace Guard	F	0Lamb	0LambHL
02049759	04049759	ANQCORCorinthePalaceGuardPostDay03	Corinthe Palace Guard	M	0TheTruth	0TheTruthHL
02049FC8	04049FC8	ANQCORCorinthePalaceGuardPostDay04	Corinthe Palace Guard	M	0RedRobin	0RedRobinHL
0204A4EB	0404A4EB	ANQDUNZayiqCherim	Zayiq Cherim	M	0Victor	0VictorHL
0204A859	0404A859	ANQCORImperialLegionSoldier01	Imperial Legion Soldier	M	0Theo	0TheoHL
0204A85B	0404A85B	ANQCORImperialLegionSoldier02	Imperial Legion Soldier	F	0Lenore	0LenoreHL
0204B09C	0404B09C	ANQCORPsharZdastari	P'shar Z'dastari	F	0Laurell	0LaurellHL
0204B1C6	0404B1C6	ANQBRKDeadSquishy	Dead Squishy	M	0RedRobin	0RedRobinHL
0204B750	0404B750	ANQORCHorobok	Horobok Ox-Keeper	M	0Victor	0VictorHL
0204BA69	0404BA69	ANQBRKDeadTickles	Tickles	F	0Leona	0LeonaHL
0204CBF8	0404CBF8	ANQCORHaskara	Haskara	F	0Koala	0KoalaHL
0204CBFD	0404CBFD	ANQCORDarothoHlenas	Darotho Hlenas	M	0Theo	0TheoHL
0204E5C7	0404E5C7	ANQRHRiverholdJailor	Riverhold Jailor	M	0Victor	0VictorHL
0204ED7A	0404ED7A	ANQCORTynemwe	Tynemwe	F	0Koala	0KoalaHL
0204F61F	0404F61F	ANQCORCommerceOfficeGuard	Commerce Office Guard	M	0TheTruth	0TheTruthHL
0204FAE2	0404FAE2	ANQCORCorinthePalaceGuardHall02	Corinthe Palace Guard	M	0RedRobin	0RedRobinHL
02051D31	04051D31	ANQDUNKiraskiri	Kiraskiri	M	0Victor	0VictorHL
02051D9D	04051D9D	ANQRHRhadmani	Lampkeeper Rhadmani	M	0Theo	0TheoHL
02051D9F	04051D9F	ANQRHDgazahbiTribeswoman01	Dgazahbi Tribeswoman	F	0Koala	0KoalaHL
020522CF	040522CF	ANQCORQuaji	Quaji	M	0TheTruth	0TheTruthHL
020541CD	040541CD	ANQCORAbradissi	Abradissi	M	0Victor	0VictorHL
02054944	04054944	ANQORCOrcrestPalaceGuard01	Orcrest Palace Guard	M	0Victor	0VictorHL
02054945	04054945	ANQORCOrcrestPalaceGuard02	Orcrest Palace Guard	M	0TheTruth	0TheTruthHL
02054946	04054946	ANQORCOrcrestPalaceGuard03	Orcrest Palace Guard	M	0Theo	0TheoHL
02054947	04054947	ANQORCOrcrestPalaceGuard04	Orcrest Palace Guard	M	0RedRobin	0RedRobinHL
020551C3	040551C3	ANQORCGrandVizierMaZahn	Grand Vizier Ma'Zahn	M	0Victor	0VictorHL
020551C9	040551C9	ANQORCHakshala	Hakshala	F	0Koala	0KoalaHL
020551CC	040551CC	ANQORCHergdolg	Hergdolg	M	0TheTruth	0TheTruthHL
020551CF	040551CF	ANQORCJMada	J'Mada	M	0RedRobin	0RedRobinHL
02057670	04057670	ANQCORPulliaSybatis	Pullia Sybatis	F	0Leona	0LeonaHL
02057673	04057673	ANQCORYsamirr	Y'samirr	M	0TheTruth	0TheTruthHL
02057F08	04057F08	ANQRHShomdroMagrok	Shom dro-Magrok	M	0RedRobin	0RedRobinHL
02057F09	04057F09	ANQRHAzkhanTribesman01	Azkhan Tribesman	M	0TheTruth	0TheTruthHL
02057F0B	04057F0B	ANQRHBenrick	Benrick	M	0Victor	0VictorHL
02057F0C	04057F0C	ANQRHJliqa	J'liqa	F	0Lamb	0LambHL
020588A6	040588A6	ANQORCOrcrestArcherOrcF03	Orcrest Archer	F	0Laurell	0LaurellHL
020588D2	040588D2	ANQORCOrcrestSoldierOrcM01	Orcrest Soldier	M	0Theo	0TheoHL
020588E7	040588E7	ANQORCOrcrestSoldierOrcM02	Orcrest Soldier	M	0RedRobin	0RedRobinHL
020588EC	040588EC	ANQORCOrcrestSoldierKhajiitF01	Orcrest Soldier	F	0Leona	0LeonaHL
020588F1	040588F1	ANQORCOrcrestSoldierOrcF01	Orcrest Soldier	F	0Lenore	0LenoreHL
020593B1	040593B1	ANQORCOrcrestSoldierOrcM03	Orcrest Soldier	M	0RedRobin	0RedRobinHL
020593B4	040593B4	ANQORCOrcrestSoldierOrcM04	Orcrest Soldier	M	0Theo	0TheoHL
020593BA	040593BA	ANQORCOrcrestSoldierOrcM05	Orcrest Soldier	M	0RedRobin	0RedRobinHL
0205AE0F	0405AE0F	ANQCORDungeonPrisonerBandit05M	Prisoner	M	0RedRobin	0RedRobinHL
0205AE12	0405AE12	ANQCORDungeonPrisonerBandit03M	Prisoner	M	0Victor	0VictorHL
0205AE13	0405AE13	ANQCORDungeonPrisonerBandit04M	Prisoner	M	0TheTruth	0TheTruthHL
0205AE16	0405AE16	ANQCORDungeonPrisonerMarauder03M	Prisoner	M	0TheTruth	0TheTruthHL
0205AE17	0405AE17	ANQCORDungeonPrisonerMarauder02M	Prisoner	M	0RedRobin	0RedRobinHL
0205AE18	0405AE18	ANQCORDungeonPrisonerMarauder04M	Prisoner	M	0TheTruth	0TheTruthHL
0205AEF3	0405AEF3	ANQKNGElephantSeller	G'nyassa	F	0Lamb	0LambHL
0205AEF5	0405AEF5	ANQKNGElephantKeeper	Maduk	M	0Theo	0TheoHL
0205C0B7	0405C0B7	ANQCORShotherr	Shotherr	M	0Victor	0VictorHL
0205C145	0405C145	ANQCORProphetKsharra	Prophet of K'sharra	M	0RedRobin	0RedRobinHL
0205C251	0405C251	ANQCORDungeonBahdpura	Bahdpura	M	0TheTruth	0TheTruthHL
02060FF8	04060FF8	ANQCORDungeonTyss	Tyss	M	0RedRobin	0RedRobinHL
02062BE9	04062BE9	ANQCORGlyciaFulgentius	Glycia Fulgentius	F	0Lenore	0LenoreHL
02063CC0	04063CC0	ANQCORMeraendil	Meraendil	F	0Laurell	0LaurellHL
02063CC1	04063CC1	ANQCORMaerendil	Maerendil	M	0Victor	0VictorHL
0206564D	0406564D	ANQCORBaroFulgentius	Baro Fulgentius	M	0TheTruth	0TheTruthHL
020677B3	040677B3	ANQTribalHunterM02ASuthay	Tribal Hunter	M	0RedRobin	0RedRobinHL
020677B4	040677B4	ANQTribalHunterM02BSuthay	Tribal Hunter	M	0RedRobin	0RedRobinHL
020677B5	040677B5	ANQTribalHunterF02ASuthay	Tribal Hunter	F	0Lenore	0LenoreHL
020677B6	040677B6	ANQTribalHunterF02BSuthay	Tribal Hunter	F	0Leona	0LeonaHL
020677B7	040677B7	ANQTribalHunterM03AOhmesRaht	Tribal Hunter	M	0RedRobin	0RedRobinHL
020677B8	040677B8	ANQTribalHunterM03BOhmesRaht	Tribal Hunter	M	0Victor	0VictorHL
020677B9	040677B9	ANQTribalHunterF03AOhmesRaht	Tribal Hunter	F	0Lenore	0LenoreHL
020677BA	040677BA	ANQTribalHunterF03BOhmesRaht	Tribal Hunter	F	0Koala	0KoalaHL
020677BD	040677BD	ANQTribalHunterM02CSuthay	Tribal Hunter	M	0Theo	0TheoHL
020677BE	040677BE	ANQTribalHunterM02DSuthay	Tribal Hunter	M	0TheTruth	0TheTruthHL
02067817	04067817	ANQCOROldKharzu	Old Kharzu	M	0TheTruth	0TheTruthHL
02069983	04069983	ANQTRBDgazahbaWarChief	Dgazahba War Chief	M	0TheTruth	0TheTruthHL
02069C4B	04069C4B	ANQCORMoonPriestess01	Moon Priestess	F	0Laurell	0LaurellHL
0206BD61	0406BD61	ANQRMNTonenakaMonk01	Tonenaka Monk	M	0Victor	0VictorHL
0206BD62	0406BD62	ANQRMNWuTan	Wu-Tan	M	0TheTruth	0TheTruthHL
0206BD63	0406BD63	ANQRMNTonenakaMonk02	Tonenaka Monk	M	0TheTruth	0TheTruthHL
0206BDBC	0406BDBC	ANQRMNKingXanu	King Xanu	M	0TheTruth	0TheTruthHL
0206C8AE	0406C8AE	ANQORCOrcrestJailor	Orcrest Jailor	M	0Victor	0VictorHL
0206E544	0406E544	ANQMCG01RedJazaska	Red Jazaska	F	0Lenore	0LenoreHL
0206F6D5	0406F6D5	ANQRMNRimmenGuardKingEscort	King's Bodyguard	M	0RedRobin	0RedRobinHL
0206F6FC	0406F6FC	ANQRMNRimmenGuardPostDay05	Rimmen Guard	M	0Victor	0VictorHL
0206F6FD	0406F6FD	ANQRMNRimmenGuardPostNight05	Rimmen Guard	M	0Victor	0VictorHL
02073810	04073810	ANQSQ08DremoraOfTheLamp	Dremora of the Lamp	F	0Koala	0KoalaHL
02073818	04073818	ANQTribalShamanM01OhmesRaht	Tribal Shaman	M	0TheTruth	0TheTruthHL
0207381B	0407381B	ANQTribalShamanM02Suthay	Tribal Shaman	M	0Victor	0VictorHL
0207381D	0407381D	ANQTribalShamanM03Suthay	Tribal Shaman	M	0Victor	0VictorHL
0207381F	0407381F	ANQTribalShamanM04Ohmes	Tribal Shaman	M	0Victor	0VictorHL
02073825	04073825	ANQTribalShamanF01Ohmes	Tribal Witch	F	0Koala	0KoalaHL
02073827	04073827	ANQTribalShamanF02Suthay	Tribal Witch	F	0Lenore	0LenoreHL
02073842	04073842	ANQSQ03Slababa	S'lababa	M	0Theo	0TheoHL
0207720E	0407720E	ANQRMNTsunChi	Tsun-Chi	M	0Theo	0TheoHL
02078252	04078252	ANQHG03Mnalawa	Mnalawa	F	0Laurell	0LaurellHL
0207CC8F	0407CC8F	ANQSQ07Highwayman	Highwayman	M	0TheTruth	0TheTruthHL
0207DCEB	0407DCEB	ANQSQ08LoveMan	Love	M	0TheTruth	0TheTruthHL
0207DCEC	0407DCEC	ANQSQ08LoveWoman	Love	F	0Lenore	0LenoreHL
0207E3E4	0407E3E4	ANQRMNIlengar	Ilengar	M	0Victor	0VictorHL
0207E3E7	0407E3E7	ANQRMNRishaya	Rishaya	F	0Koala	0KoalaHL
0207E3E8	0407E3E8	ANQRMNJShambar	J'Shambar	M	0TheTruth	0TheTruthHL
02080E28	04080E28	ANQSQ05Gjuna	G'juna	M	0RedRobin	0RedRobinHL
020826C8	040826C8	ANQSQ06OrcPilgrim01	Orc Pilgrim	M	0TheTruth	0TheTruthHL
020826CB	040826CB	ANQSQ06OrcPilgrim02	Orc Pilgrim	M	0Theo	0TheoHL
020826CD	040826CD	ANQSQ06OrcPilgrim03	Orc Pilgrim	F	0Laurell	0LaurellHL
020826D2	040826D2	ANQSQ06OrcPilgrim04	Orc Pilgrim	M	0Theo	0TheoHL
02083F58	04083F58	ANQSQ02BhorlarzgroYambak	Bhorlarz gro-Yambak	M	0Victor	0VictorHL
02084D19	04084D19	ANQRMNRimmenGuardPatrolDay01	Rimmen Guard	M	0Theo	0TheoHL
02084D1C	04084D1C	ANQRMNRimmenGuardPatrolNight01	Rimmen Guard	M	0Theo	0TheoHL
02084D1F	04084D1F	ANQRMNRimmenGuardPostDay01	Rimmen Guard	M	0Theo	0TheoHL
02084D20	04084D20	ANQRMNRimmenGuardPostDay02	Rimmen Guard	M	0Theo	0TheoHL
02084D21	04084D21	ANQRMNRimmenGuardPostDay03	Rimmen Guard	M	0Victor	0VictorHL
02084D22	04084D22	ANQRMNRimmenGuardPostNight01	Rimmen Guard	M	0TheTruth	0TheTruthHL
02084D23	04084D23	ANQRMNRimmenGuardPostNight02	Rimmen Guard	M	0TheTruth	0TheTruthHL
02084D24	04084D24	ANQRMNRimmenGuardPostNight03	Rimmen Guard	M	0RedRobin	0RedRobinHL
02084D27	04084D27	ANQRMNRimmenGuardJailorDay	Rimmen Jailor	M	0RedRobin	0RedRobinHL
02084D28	04084D28	ANQRMNRimmenGuardJailorNight	Rimmen Jailor	M	0RedRobin	0RedRobinHL
02084D29	04084D29	ANQRMNRimmenGuardPostDay04	Rimmen Guard	M	0Victor	0VictorHL
02084D2A	04084D2A	ANQRMNRimmenGuardPostNight04	Rimmen Guard	M	0Theo	0TheoHL
0208811E	0408811E	ANQSQ05ValenwoodScoutCaptain01	Valenwood Scout Captain	F	0Lamb	0LambHL
02088120	04088120	ANQSQ05ValenwoodScout01	Valenwood Scout	M	0RedRobin	0RedRobinHL
02088122	04088122	ANQSQ05ValenwoodScout02	Valenwood Scout	M	0RedRobin	0RedRobinHL
02088125	04088125	ANQSQ05ValenwoodScout03	Valenwood Scout	F	0Lamb	0LambHL
0208812F	0408812F	ANQTRBGbujewaClanMother	Gbujewa Clan Mother	F	0Lenore	0LenoreHL
02088131	04088131	ANQTRBGbujewaTribesman02	Gbujewa Warrior	M	0TheTruth	0TheTruthHL
02088132	04088132	ANQTRBGbujewaTribesman03	Gbujewa Warrior	M	0RedRobin	0RedRobinHL
02088133	04088133	ANQTRBGbujewaTribeswoman01	Gbujewa Tribeswoman	F	0Lamb	0LambHL
02088135	04088135	ANQTRBGbujewaTribeswoman03	Gbujewa Tribeswoman	F	0Leona	0LeonaHL
0208A718	0408A718	ANQTRBQwazaniTribesman03	Q'wazani Warrior	M	0RedRobin	0RedRobinHL
0208A719	0408A719	ANQTRBQwazaniTribesman02	Q'wazani Warrior	M	0Theo	0TheoHL
0208A71A	0408A71A	ANQTRBQwazaniTribeswoman01	Q'wazani Tribeswoman	F	0Lamb	0LambHL
0208A71C	0408A71C	ANQTRBQwazaniTribeswoman03	Q'wazani Tribeswoman	F	0Koala	0KoalaHL
0208B55A	0408B55A	ANQTRVTravellerM01	Traveller	M	0TheTruth	0TheTruthHL
0208B55B	0408B55B	ANQTRVTravellerM02	Traveller	M	0Theo	0TheoHL
0208B55D	0408B55D	ANQTRVPilgrimF01	Pilgrim	F	0Laurell	0LaurellHL
0208B55E	0408B55E	ANQTRVPilgrimM01	Pilgrim	M	0RedRobin	0RedRobinHL
0208B55F	0408B55F	ANQTRVPilgrimM02	Pilgrim	M	0TheTruth	0TheTruthHL
0208B561	0408B561	ANQTRVMadProphetM01	Mad Doom Prophet	M	0Victor	0VictorHL
0208B567	0408B567	ANQTRVHarvesterF02	Harvester	F	0Lamb	0LambHL
0208B568	0408B568	ANQTRVHarvesterF03	Harvester	F	0Leona	0LeonaHL
0208B569	0408B569	ANQTRVOldHagF01	Old Hag	F	0Laurell	0LaurellHL
0208B56B	0408B56B	ANQTRVGoatherdM02	Goatherd	M	0RedRobin	0RedRobinHL
0208B56D	0408B56D	ANQTRVTravellerF01	Traveller	F	0Laurell	0LaurellHL
0208B56E	0408B56E	ANQTRVImperialLegionSoldier01	Imperial Legion Soldier	M	0Theo	0TheoHL
0208B56F	0408B56F	ANQTRVImperialLegionSoldier02	Imperial Legion Soldier	M	0Theo	0TheoHL
0208B570	0408B570	ANQTRVPeddlerM01	Peddler	M	0TheTruth	0TheTruthHL
0208B571	0408B571	ANQTRVPeddlerF01	Peddler	F	0Leona	0LeonaHL
0208C62E	0408C62E	ANQTRVMinerM02	Miner	M	0Theo	0TheoHL
020913BF	040913BF	ANQRMNChibilha	Chibilha	F	0Laurell	0LaurellHL
020913C8	040913C8	ANQRMNBossMaTombosi	Boss Ma'Tombosi	M	0Theo	0TheoHL
02092F29	04092F29	ANQORCAgorak	Agorak	M	0Theo	0TheoHL
02092F9F	04092F9F	ANQRMNGhakgroShub	Ghak gro-Shub	M	0RedRobin	0RedRobinHL
0209591E	0409591E	ANQDUNBahmarra	Bahmarra	F	0Laurell	0LaurellHL
020963E6	040963E6	ANQDUNCherimWorker02	Cherim Worker	F	0Laurell	0LaurellHL
020963E8	040963E8	ANQDUNCherimWorker05	Cherim Worker	F	0Leona	0LeonaHL
02097ED8	04097ED8	ANQORCOrcrestArcherOrcF01	Orcrest Archer	F	0Laurell	0LaurellHL
02097EDA	04097EDA	ANQORCOrcrestArcherOrcF02	Orcrest Archer	F	0Laurell	0LaurellHL
02098569	04098569	ANQDUNCherimWarehouseGuard	Cherim Warehouse Guard	M	0Theo	0TheoHL
0209856E	0409856E	ANQDUNLeetalaCherim	Leetala Cherim	F	0Lenore	0LenoreHL
02099070	04099070	ANQSQ02BhorlarzAvenger01	Ubal gro-Yambak	M	0RedRobin	0RedRobinHL
02099071	04099071	ANQSQ02BhorlarzAvenger02	Ugarka dra-Labag	F	0Koala	0KoalaHL
02099076	04099076	ANQORCFalargadraSharka	Falarga dra-Sharka	F	0Lamb	0LambHL
0209B952	0409B952	ANQRMNSkoomaAddict04	Skooma Addict	M	0Victor	0VictorHL
0209B953	0409B953	ANQRMNSkoomaAddict05	Skooma Addict	M	0TheTruth	0TheTruthHL
0209B954	0409B954	ANQRMNSkoomaAddict06	Skooma Addict	F	0Leona	0LeonaHL
0209B955	0409B955	ANQRMNSkoomaAddict07	Skooma Addict	M	0Victor	0VictorHL
0209B956	0409B956	ANQRMNSkoomaAddict08	Skooma Addict	F	0Koala	0KoalaHL
0209E326	0409E326	ANQDUNFarrus	Farrus	M	0Victor	0VictorHL
020A2800	040A2800	ANQLGNVestiaLaurentia	Vestia Laurentia	F	0Leona	0LeonaHL
020A2804	040A2804	ANQLGNMarcusPaulinius	Marcus Paulinius	M	0TheTruth	0TheTruthHL
020A5B01	040A5B01	ANQDUNOdrogil	Foreman Odrogil	M	0TheTruth	0TheTruthHL
020A5B06	040A5B06	ANQDUNTheCrone	The Crone	F	0Laurell	0LaurellHL
020A634F	040A634F	ANQDUNDgazahbaTribesman	Dgazahba Tribesman	M	0Victor	0VictorHL
020A6C09	040A6C09	ANQDUNClayd	Clayd	M	0RedRobin	0RedRobinHL
020A6C11	040A6C11	ANQDUNLeba	Leba	F	0Lamb	0LambHL
020A741B	040A741B	ANQCORChaeVarseu	Chae-Varseu	F	0Lamb	0LambHL
020A848E	040A848E	ANQRHHnassa	H'nassa	F	0Koala	0KoalaHL
020A88D7	040A88D7	ANQRMNLinJiao	Lin-Jiao	F	0Koala	0KoalaHL
020A88D8	040A88D8	ANQRMNMarette	Marette	F	0Leona	0LeonaHL
020A88D9	040A88D9	ANQRMNGluntiusBobatus	Gluntius Bobatus	M	0Victor	0VictorHL
020A88DA	040A88DA	ANQRMNSanbal	Sanbal	M	0Victor	0VictorHL
020A88DB	040A88DB	ANQRMNKhanoud	Khanoud	M	0TheTruth	0TheTruthHL
020A88DC	040A88DC	ANQRMNJShahb	J'Shahb	M	0TheTruth	0TheTruthHL
020A88DD	040A88DD	ANQRMNHalderik	Halderik	M	0RedRobin	0RedRobinHL
020A88DF	040A88DF	ANQRMNDaxu	Daxu	M	0Victor	0VictorHL
020A88E0	040A88E0	ANQRMNThedimir	Thedimir	M	0Theo	0TheoHL
020A9780	040A9780	ANQDUNHroaldIronArm	Hroald Iron-Arm	M	0Victor	0VictorHL
020A9E78	040A9E78	ANQLGNLegionSoldierSeaplace01	Imperial Legion Soldier	M	0RedRobin	0RedRobinHL
020A9E79	040A9E79	ANQLGNLegionSoldierSeaplace02	Imperial Legion Soldier	M	0TheTruth	0TheTruthHL
020A9E7A	040A9E7A	ANQLGNLegionSoldierSeaplace03	Imperial Legion Soldier	M	0TheTruth	0TheTruthHL
020A9E7B	040A9E7B	ANQLGNLegionSoldierSeaplace04	Imperial Legion Soldier	M	0Victor	0VictorHL
020A9E80	040A9E80	ANQLGNHirsidiusAllentus	Hirsidius Allentus	M	0RedRobin	0RedRobinHL
020A9E82	040A9E82	ANQLGNRhabus	Rhabus Stablemaster	M	0Victor	0VictorHL
020A9E84	040A9E84	ANQLGNMuniciaBellisarius	Municia Bellisarius	F	0Lamb	0LambHL
020AC3AB	040AC3AB	ANQDUNBatiaArastius	Batia Arastius	F	0Lenore	0LenoreHL
020AE4B6	040AE4B6	ANQCORCorinthePalaceGuardZdastari	Corinthe Palace Guard	M	0RedRobin	0RedRobinHL
020AFBDB	040AFBDB	ANQDUNDuneJailor	Dune Jailor	M	0Victor	0VictorHL
020B03FA	040B03FA	ANQRMNTanparion	Tanparion	M	0RedRobin	0RedRobinHL
020B0C99	040B0C99	ANQRMNNagahni	Nagahni	F	0Lamb	0LambHL
020B0CCC	040B0CCC	ANQDUNMarvysDralor	Marvys Dralor	M	0Victor	0VictorHL
020B0FF7	040B0FF7	ANQLGNLegionSoldierPost01	Imperial Legion Soldier	M	0RedRobin	0RedRobinHL
020B1FA8	040B1FA8	ANQDUNNightWatchman	Night Watchman	M	0TheTruth	0TheTruthHL
020B4371	040B4371	ANQTARUdakhu	Udakhu	M	0RedRobin	0RedRobinHL
020B4373	040B4373	ANQORCSaimaiq	Saimaiq	M	0Victor	0VictorHL
020B4B38	040B4B38	ANQDUNSlagydaGromph	Slagada Gromph	F	0Leona	0LeonaHL
020B4F49	040B4F49	ANQRMNMeiZhong	Mei-Zhong	F	0Lamb	0LambHL
020B5C3D	040B5C3D	ANQDUNJodasma	Jo'dasma	F	0Lamb	0LambHL
020B5C46	040B5C46	ANQDUNVajirr	Vajirr	M	0TheTruth	0TheTruthHL
020B5C4F	040B5C4F	ANQDUNFatama	Fatama	F	0Laurell	0LaurellHL
020B5C99	040B5C99	ANQLGNQuartermasterHabius	Quartermaster Habius	M	0TheTruth	0TheTruthHL
020B5D93	040B5D93	ANQLGNLegionSoldierPost02	Imperial Legion Soldier	M	0TheTruth	0TheTruthHL
020B5D94	040B5D94	ANQLGNLegionSoldierPost03	Imperial Legion Soldier	F	0Laurell	0LaurellHL
020B5D98	040B5D98	ANQLGNLegionSoldierRiverkeep01	Imperial Legion Soldier	M	0Victor	0VictorHL
020B5D9D	040B5D9D	ANQLGNLegionSoldierRiverkeep02	Imperial Legion Soldier	M	0Theo	0TheoHL
020B5D9F	040B5D9F	ANQLGNLegionSoldierRiverkeep03	Imperial Legion Soldier	F	0Lenore	0LenoreHL
020B5DA1	040B5DA1	ANQLGNQuartermasterJosidus	Quartermaster Josidus	M	0TheTruth	0TheTruthHL
020B6F24	040B6F24	ANQDUNHenriRoudeau	Henri Roudeau	M	0TheTruth	0TheTruthHL
020B6F2C	040B6F2C	ANQDUNCalenoora	Calenoora	F	0Leona	0LeonaHL
020B8141	040B8141	ANQORCOrbiasTumnus	Orbias Tumnus	M	0Theo	0TheoHL
020B8142	040B8142	ANQORCSsecgarsi	Ssecgarsi	M	0Victor	0VictorHL
020B9091	040B9091	ANQRMNHestaScalpinius	Hesta Scalpinius	F	0Laurell	0LaurellHL
020B90B8	040B90B8	ANQRMNCardusScalpinius	Cardus Scalpinius	M	0TheTruth	0TheTruthHL
020B9240	040B9240	ANQORCYashada	Yashada	F	0Leona	0LeonaHL
020B9294	040B9294	ANQDUNJagan	Jagan	M	0TheTruth	0TheTruthHL
020BB57E	040BB57E	ANQRMNSorosaDorvayn	Sorosa Dorvayn	F	0Lenore	0LenoreHL
020BB5EA	040BB5EA	ANQRMNBrathasRelvani	Brathas Relvani	M	0RedRobin	0RedRobinHL
020BDE0B	040BDE0B	ANQImperialLegionRiderRiverhold	Imperial Legion Soldier	M	0Theo	0TheoHL
020BDE19	040BDE19	ANQTG02Courier	Courier	F	0Koala	0KoalaHL
020BDFEC	040BDFEC	ANQDUNYarna	Yarna	F	0Laurell	0LaurellHL
020C56D7	040C56D7	ANQDUNTochka	Tochka	F	0Lenore	0LenoreHL
020CD22F	040CD22F	ANQDUNGreenFootman03	Dune Soldier	M	0RedRobin	0RedRobinHL
020CD230	040CD230	ANQDUNGreenFootman04	Dune Soldier	M	0RedRobin	0RedRobinHL
020CD231	040CD231	ANQDUNGreenFootman05	Dune Soldier	M	0TheTruth	0TheTruthHL
020CD233	040CD233	ANQDUNGreenBowman03	Dune Soldier	F	0Laurell	0LaurellHL
020CD234	040CD234	ANQDUNGreenBowman04	Dune Soldier	F	0Laurell	0LaurellHL
020CD236	040CD236	ANQDUNRedBowman03	Dune Soldier	F	0Lamb	0LambHL
020CD237	040CD237	ANQDUNRedBowman04	Dune Soldier	F	0Lenore	0LenoreHL
020CD239	040CD239	ANQDUNRedFootman03	Dune Soldier	M	0Victor	0VictorHL
020CD23A	040CD23A	ANQDUNRedFootman04	Dune Soldier	M	0Theo	0TheoHL
020CD23B	040CD23B	ANQDUNRedFootman05	Dune Soldier	M	0Victor	0VictorHL
020D3A25	040D3A25	ANQRMNTiffa	Tiffa	F	0Laurell	0LaurellHL
020DCB6C	040DCB6C	ANQORCKingGrogolagmuth	King Grogolagmuth	M	0TheTruth	0TheTruthHL
020DF532	040DF532	ANQ0KNGBuccioNorbanusTEMP	Buccio Norbanus	M	0RedRobin	0RedRobinHL
020DF533	040DF533	ANQ0ORCYashadaTEMP	Yashada	F	0Laurell	0LaurellHL
020DF534	040DF534	ANQ0CORPsharAbtanjanaTEMP	P'shar Abtanjana	F	0Koala	0KoalaHL
023E494D	043E494D	ANQLL1BanditMissile100_Lvl		M	0Victor	0VictorHL
02546036	04546036	ANQLL0TribalShaman50_Lvl		M	0TheTruth	0TheTruthHL
02C70861	04C70861	ANQLL1WildernessJungle_Lvl		M	0RedRobin	0RedRobinHL
