SOURCE_FORMID	PATCH_FORMID	EDITORID	NAME	LIST	OUTFIT
01000882	03000882	TestKKWoman02		OUTFITS_TO_CHOOSE	00SI_Tamriel_OutfitBase_01
01002E94	03002E94	Thiirchel	Thiirchel	OUTFITS_TO_CHOOSE	00SI_Tamriel_OutfitBase_03
01002E99	03002E99	Githriian	Githriian	OUTFITS_TO_CHOOSE	00SI_Tamriel_OutfitBase_03
01002E9A	03002E9A	Idrolian	Idrolian	OUTFITS_TO_CHOOSE	00SI_Tamriel_OutfitBase_07
01002E9B	03002E9B	Dennilwen	Dennilwen	OUTFITS_TO_CHOOSE	00SI_Tamriel_OutfitBase_07
01003435	03003435	ElanteofAlinor	Elante of Alinor	OUTFITS_TO_CHOOSE	00SI_Tamriel_OutfitBase_01
010034C0	030034C0	DerveraRomalen	Dervera Romalen	OUTFITS_TO_CHOOSE	00SI_Tamriel_OutfitBase_07
010034C2	030034C2	MarianaAncharia	Mariana Ancharia	OUTFITS_TO_CHOOSE	00SI_Tamriel_OutfitBase_01
010034C3	030034C3	Shelley	Shelley	OUTFITS_TO_CHOOSE	00SI_Tamriel_OutfitBase_04
010034C4	030034C4	BorbagraUzgash	Borba gra-Uzgash	OUTFITS_TO_CHOOSE	00SI_Tamriel_OutfitBase_03
010034C5	030034C5	TertiaViducia	Tertia Viducia	OUTFITS_TO_CHOOSE	00SI_Tamriel_OutfitBase_07
010034C7	030034C7	Ohtesse	Ohtesse	OUTFITS_TO_CHOOSE	00SI_Tamriel_OutfitBase_03
010034C9	030034C9	GruiandGarrana	Gruiand Garrana	OUTFITS_TO_CHOOSE	00SI_Tamriel_OutfitBase_01
010034CB	030034CB	NaspiaCosma	Naspia Cosma	OUTFITS_TO_CHOOSE	00SI_Tamriel_OutfitBase_07
010034CD	030034CD	UleneHlervu	Ulene Hlervu	OUTFITS_TO_CHOOSE	00SI_Tamriel_OutfitBase_06
010034D3	030034D3	TivelaLythandas	Tivela Lythandas	OUTFITS_TO_CHOOSE	00SI_Tamriel_OutfitBase_06
010034D7	030034D7	TolisiGirith	Tolisi Girith	OUTFITS_TO_CHOOSE	00SI_Tamriel_OutfitBase_05
010034D8	030034D8	TanasaArano	Tanasa Arano	OUTFITS_TO_CHOOSE	00SI_Tamriel_OutfitBase_02
010034D9	030034D9	RogmeshgraCoblug	Rogmesh gra-Coblug	OUTFITS_TO_CHOOSE	00SI_Tamriel_OutfitBase_07
010034DB	030034DB	Ganredhel	Ganredhel	OUTFITS_TO_CHOOSE	00SI_Tamriel_OutfitBase_03
010034DC	030034DC	OghashgraMagul	Oghash gra-Magul	OUTFITS_TO_CHOOSE	00SI_Tamriel_OutfitBase_07
010034DF	030034DF	LlevanaNedaren	Llevana Nedaren	OUTFITS_TO_CHOOSE	00SI_Tamriel_OutfitBase_08
010038B3	030038B3	MarietteRielle	Mariette Rielle	OUTFITS_TO_CHOOSE	00SI_Tamriel_OutfitBase_03
010038B5	030038B5	CamillaLollia	Camilla Lollia	BRUMA_OUTFITS_TO_CHOOSE	00SI_Bruma_OutfitBase_02
01005564	03005564	VeyondArgFemale2Blademaster	Argonian Tribesman	OUTFITS_TO_CHOOSE	00SI_Tamriel_OutfitBase_02
01005565	03005565	VeyondArgFemale3Assassin	Argonian Tribesman	OUTFITS_TO_CHOOSE	00SI_Tamriel_OutfitBase_03
01005566	03005566	VeyondArgFemale3Monk	Argonian Tribesman	OUTFITS_TO_CHOOSE	00SI_Tamriel_OutfitBase_05
01005567	03005567	VeyondArgFemale4Nightblade	Argonian Tribesman	OUTFITS_TO_CHOOSE	00SI_Tamriel_OutfitBase_05
01005568	03005568	VeyondArgFemale4Scout	Argonian Tribesman	OUTFITS_TO_CHOOSE	00SI_Tamriel_OutfitBase_04
0100556B	0300556B	VeyondArgShamanFemale4A	Argonian Shaman	OUTFITS_TO_CHOOSE	00SI_Tamriel_OutfitBase_08
0100556C	0300556C	VeyondArgShamanFemale3A	Argonian Shaman	OUTFITS_TO_CHOOSE	00SI_Tamriel_OutfitBase_07
0100556F	0300556F	VeyondArgBossFemale1	Argonian Chieftain	OUTFITS_TO_CHOOSE	00SI_Tamriel_OutfitBase_05
01005570	03005570	VeyondArgBossFemale2	Argonian Chieftain	OUTFITS_TO_CHOOSE	00SI_Tamriel_OutfitBase_04
010091F5	030091F5	BieneAmelion	Biene Amelion	OUTFITS_TO_CHOOSE	00SI_Tamriel_OutfitBase_01
0100922B	0300922B	TheNightMother	The Night Mother	OUTFITS_TO_CHOOSE	00SI_Tamriel_OutfitBase_07
010092A8	030092A8	TG03ChapelUnderCroftGuard	Chapel Guard	OUTFITS_TO_CHOOSE	00SI_Tamriel_OutfitBase_02
01009ABE	03009ABE	TESTBandit	Bandit Ringleader	OUTFITS_TO_CHOOSE	00SI_Tamriel_OutfitBase_04
01009AC1	03009AC1	TESTNecromancer	Necromancer Adept	OUTFITS_TO_CHOOSE	00SI_Tamriel_OutfitBase_06
01009AD3	03009AD3	TESTBandit14	Bandit Ringleader	OUTFITS_TO_CHOOSE	00SI_Tamriel_OutfitBase_07
01009AD5	03009AD5	TESTBandit7	Bandit Ringleader	OUTFITS_TO_CHOOSE	00SI_Tamriel_OutfitBase_02
01009AD6	03009AD6	TESTBandit21	Bandit Ringleader	OUTFITS_TO_CHOOSE	00SI_Tamriel_OutfitBase_01
01009ADD	03009ADD	TESTNecromancer7	Necromancer Adept	OUTFITS_TO_CHOOSE	00SI_Tamriel_OutfitBase_02
01009ADE	03009ADE	TESTNecromancer14	Necromancer Adept	OUTFITS_TO_CHOOSE	00SI_Tamriel_OutfitBase_08
01009ADF	03009ADF	TESTNecromancer21	Necromancer Adept	OUTFITS_TO_CHOOSE	00SI_Tamriel_OutfitBase_08
01009C39	03009C39	Ashanta	Ashanta	OUTFITS_TO_CHOOSE	00SI_Tamriel_OutfitBase_02
0100A083	0300A083	Ranaline	Ranaline	OUTFITS_TO_CHOOSE	00SI_Tamriel_OutfitBase_07
0100A087	0300A087	Nilawen	Nilawen	OUTFITS_TO_CHOOSE	00SI_Tamriel_OutfitBase_08
0100A08A	0300A08A	UravasaOthrelas	Uravasa Othrelas	OUTFITS_TO_CHOOSE	00SI_Tamriel_OutfitBase_08
0100A08B	0300A08B	Marz	Marz	OUTFITS_TO_CHOOSE	00SI_Tamriel_OutfitBase_07
0100A08C	0300A08C	ChanaMona	Chana Mona	OUTFITS_TO_CHOOSE	00SI_Tamriel_OutfitBase_03
0100A08D	0300A08D	OlavatheFair	Olava the Fair	OUTFITS_TO_CHOOSE	00SI_Tamriel_OutfitBase_07
0100A08F	0300A08F	DroNahrah	Dro'Nahrahe	OUTFITS_TO_CHOOSE	00SI_Tamriel_OutfitBase_03
0100A095	0300A095	Nahsi	Nahsi	OUTFITS_TO_CHOOSE	00SI_Tamriel_OutfitBase_05
0100A096	0300A096	TadroseHelas	Tadrose Helas	OUTFITS_TO_CHOOSE	00SI_Tamriel_OutfitBase_07
0100A099	0300A099	SelenaOraniaDead	Selena Orania	BRUMA_OUTFITS_TO_CHOOSE	00SI_Bruma_OutfitBase_01
0100A109	0300A109	CitySwimmer	City-Swimmer	OUTFITS_TO_CHOOSE	00SI_Tamriel_OutfitBase_01
0100A10A	0300A10A	LucianaGalena	Luciana Galena	OUTFITS_TO_CHOOSE	00SI_Tamriel_OutfitBase_03
0100A10B	0300A10B	Andragil	Andragil	OUTFITS_TO_CHOOSE	00SI_Tamriel_OutfitBase_06
0100A10F	0300A10F	RoxanneBrigette	Roxanne Brigette	OUTFITS_TO_CHOOSE	00SI_Tamriel_OutfitBase_06
0100A111	0300A111	UrsanneLoche	Ursanne Loche	OUTFITS_TO_CHOOSE	00SI_Tamriel_OutfitBase_05
0100A25C	0300A25C	VieraLerus	Viera Lerus	OUTFITS_TO_CHOOSE	00SI_Tamriel_OutfitBase_07
0100A285	0300A285	Trevaia	Trevaia	OUTFITS_TO_CHOOSE	00SI_Tamriel_OutfitBase_05
0100A286	0300A286	Laralthir	Laralthir	OUTFITS_TO_CHOOSE	00SI_Tamriel_OutfitBase_03
0100A287	0300A287	DumaniaJirich	Dumania Jirich	OUTFITS_TO_CHOOSE	00SI_Tamriel_OutfitBase_01
0100A288	0300A288	MillonaUmbranox	Countess Millona Umbranox	OUTFITS_TO_CHOOSE	00SI_Tamriel_OutfitBase_08
0100A289	0300A289	Dairihill	Dairihill	OUTFITS_TO_CHOOSE	00SI_Tamriel_OutfitBase_02
0100A28F	0300A28F	Vigdis	Vigdis	OUTFITS_TO_CHOOSE	00SI_Tamriel_OutfitBase_02
0100A293	0300A293	LlensiLlaram	Llensi Llaram	OUTFITS_TO_CHOOSE	00SI_Tamriel_OutfitBase_06
0100A294	0300A294	Huurwen	Huurwen	OUTFITS_TO_CHOOSE	00SI_Tamriel_OutfitBase_01
0100A295	0300A295	MirabelleMonet	Mirabelle Monet	OUTFITS_TO_CHOOSE	00SI_Tamriel_OutfitBase_05
0100A298	0300A298	Isolde	Isolde	OUTFITS_TO_CHOOSE	00SI_Tamriel_OutfitBase_04
0100A29C	0300A29C	Hasathil	Hasathil	OUTFITS_TO_CHOOSE	00SI_Tamriel_OutfitBase_01
0100A29E	0300A29E	AstiaInventius	Astia Inventius	OUTFITS_TO_CHOOSE	00SI_Tamriel_OutfitBase_01
0100A29F	0300A29F	RusiaBradus	Rusia Bradus	OUTFITS_TO_CHOOSE	00SI_Tamriel_OutfitBase_02
0100A2A0	0300A2A0	QuillWeave	Quill-Weave	OUTFITS_TO_CHOOSE	00SI_Tamriel_OutfitBase_01
0100A2A2	0300A2A2	Maelona	Maelona	OUTFITS_TO_CHOOSE	00SI_Tamriel_OutfitBase_01
0100B508	0300B508	TESTVampireArcher	Vampire Matriarch	OUTFITS_TO_CHOOSE	00SI_Tamriel_OutfitBase_06
0100B50B	0300B50B	TESTVampireArcher7	Vampire Matriarch	OUTFITS_TO_CHOOSE	00SI_Tamriel_OutfitBase_06
0100B50C	0300B50C	TESTVampireArcher14	Vampire Matriarch	OUTFITS_TO_CHOOSE	00SI_Tamriel_OutfitBase_01
0100B50D	0300B50D	TESTVampireArcher21	Vampire Matriarch	OUTFITS_TO_CHOOSE	00SI_Tamriel_OutfitBase_05
0100BE80	0300BE80	LadyRogbut	Lady Rogbut gra-Shurgak	OUTFITS_TO_CHOOSE	00SI_Tamriel_OutfitBase_06
0100BEA7	0300BEA7	DraranaThelis	Drarana Thelis	OUTFITS_TO_CHOOSE	00SI_Tamriel_OutfitBase_02
0100C1D7	0300C1D7	Selene	Selene	OUTFITS_TO_CHOOSE	00SI_Tamriel_OutfitBase_01
0100C1D9	0300C1D9	Minx	Minx	OUTFITS_TO_CHOOSE	00SI_Tamriel_OutfitBase_02
010105E4	030105E4	TestToddWoman15	Woman 15	OUTFITS_TO_CHOOSE	00SI_Tamriel_OutfitBase_01
01011F9F	03011F9F	SEDredhwen	Dredhwen	OUTFITS_TO_CHOOSE	00SI_Tamriel_OutfitBase_05
01011FA2	03011FA2	SERelmynaVerenim	Relmyna Verenim	OUTFITS_TO_CHOOSE	00SI_Tamriel_OutfitBase_06
01011FC5	03011FC5	SEGoldenSaintFemaleMelee	Golden Saint	OUTFITS_TO_CHOOSE	00SI_Tamriel_OutfitBase_03
01011FCC	03011FCC	SEGoldenSaintFemaleMissile	Golden Saint Archer	OUTFITS_TO_CHOOSE	00SI_Tamriel_OutfitBase_01
01011FD3	03011FD3	SEDarkSeducerFemaleMelee	Dark Seducer	OUTFITS_TO_CHOOSE	00SI_Tamriel_OutfitBase_07
01011FD4	03011FD4	SEDarkSeducerFemaleMissile	Dark Seducer Archer	OUTFITS_TO_CHOOSE	00SI_Tamriel_OutfitBase_01
0101207B	0301207B	SE32Althel	Althel's Ghost	OUTFITS_TO_CHOOSE	00SI_Tamriel_OutfitBase_05
0101207C	0301207C	SEAtrabhiMania	Atrabhi	OUTFITS_TO_CHOOSE	00SI_Tamriel_OutfitBase_07
0101207E	0301207E	SECutter	Cutter	OUTFITS_TO_CHOOSE	00SI_Tamriel_OutfitBase_03
01012083	03012083	SEJastiraNanusMania	Jastira Nanus	OUTFITS_TO_CHOOSE	00SI_Tamriel_OutfitBase_01
01012088	03012088	SESheerMeedish	Sheer Meedish	OUTFITS_TO_CHOOSE	00SI_Tamriel_OutfitBase_02
01012089	03012089	SETallTreesFalling	Tall-Trees-Falling	OUTFITS_TO_CHOOSE	00SI_Tamriel_OutfitBase_05
0101208A	0301208A	SETilseAreleth	Tilse Areleth	OUTFITS_TO_CHOOSE	00SI_Tamriel_OutfitBase_06
0101208D	0301208D	SEZoeMalene	Zoe Malene	OUTFITS_TO_CHOOSE	00SI_Tamriel_OutfitBase_06
01012092	03012092	SEUlfri	Grakedrig Ulfri	OUTFITS_TO_CHOOSE	00SI_Tamriel_OutfitBase_02
010120EC	030120EC	SEKaneh	Aurmazl Kaneh	OUTFITS_TO_CHOOSE	00SI_Tamriel_OutfitBase_02
010120F2	030120F2	SE06GoldenSaint01	Golden Saint	OUTFITS_TO_CHOOSE	00SI_Tamriel_OutfitBase_02
01012107	03012107	SESyl	Syl	OUTFITS_TO_CHOOSE	00SI_Tamriel_OutfitBase_06
01012109	03012109	SEWideEye	Wide-Eye	OUTFITS_TO_CHOOSE	00SI_Tamriel_OutfitBase_04
01012D41	03012D41	SENanetteDon	Nanette Don	OUTFITS_TO_CHOOSE	00SI_Tamriel_OutfitBase_03
010135B7	030135B7	SE11Ciirta	Ciirta	OUTFITS_TO_CHOOSE	00SI_Tamriel_OutfitBase_07
01013623	03013623	SEBrevi	Brevi	OUTFITS_TO_CHOOSE	00SI_Tamriel_OutfitBase_05
0101362C	0301362C	SEAnyaHerrick	Anya Herrick	OUTFITS_TO_CHOOSE	00SI_Tamriel_OutfitBase_01
01013BC5	03013BC5	SEMuurine	Muurine	OUTFITS_TO_CHOOSE	00SI_Tamriel_OutfitBase_04
01013BC7	03013BC7	SENelrene	Nelrene	OUTFITS_TO_CHOOSE	00SI_Tamriel_OutfitBase_04
010146C5	030146C5	Dremora5MarkynazMissile3	Dremora Markynaz	OUTFITS_TO_CHOOSE	00SI_Tamriel_OutfitBase_08
01014F16	03014F16	TG11ElvenStatue01	Ayleid Guardian	OUTFITS_TO_CHOOSE	00SI_Tamriel_OutfitBase_08
010151FA	030151FA	Thalfin	Thalfin	OUTFITS_TO_CHOOSE	00SI_Tamriel_OutfitBase_02
010151FE	030151FE	Merete	Merete	OUTFITS_TO_CHOOSE	00SI_Tamriel_OutfitBase_05
010153B9	030153B9	Tandilwe	Tandilwe	OUTFITS_TO_CHOOSE	00SI_Tamriel_OutfitBase_08
01015588	03015588	SECindanwe	Cindanwe	OUTFITS_TO_CHOOSE	00SI_Tamriel_OutfitBase_04
01015590	03015590	SEKishashi	Kishashi	OUTFITS_TO_CHOOSE	00SI_Tamriel_OutfitBase_01
01015591	03015591	SEMiriliUlven	Mirili Ulven	OUTFITS_TO_CHOOSE	00SI_Tamriel_OutfitBase_07
01015595	03015595	SEBeelei	Beelei	OUTFITS_TO_CHOOSE	00SI_Tamriel_OutfitBase_06
01015599	03015599	SERunsInCircles	Runs-in-Circles	OUTFITS_TO_CHOOSE	00SI_Tamriel_OutfitBase_03
0101559A	0301559A	SESontaire	Sontaire	OUTFITS_TO_CHOOSE	00SI_Tamriel_OutfitBase_04
0101559C	0301559C	SECaldanaMonrius	Caldana Monrius	OUTFITS_TO_CHOOSE	00SI_Tamriel_OutfitBase_05
0101559E	0301559E	SEUnaArmina	Una Armina	OUTFITS_TO_CHOOSE	00SI_Tamriel_OutfitBase_05
010155A0	030155A0	SEAhjazda	Ahjazda	OUTFITS_TO_CHOOSE	00SI_Tamriel_OutfitBase_06
010155A1	030155A1	SESicklyBernice	Sickly Bernice	OUTFITS_TO_CHOOSE	00SI_Tamriel_OutfitBase_02
01015867	03015867	SEAtrabhiDementia	Atrabhi	OUTFITS_TO_CHOOSE	00SI_Tamriel_OutfitBase_04
01015D80	03015D80	BeggarBravilWretchedAia	Wretched Aia	OUTFITS_TO_CHOOSE	00SI_Tamriel_OutfitBase_03
01015D86	03015D86	BeggarCheydinhalLucklessLucina	Luckless Lucina	OUTFITS_TO_CHOOSE	00SI_Tamriel_OutfitBase_05
01015D8A	03015D8A	BeggarLeyawiinRancidRadirsha	Rancid Ra'dirsha	OUTFITS_TO_CHOOSE	00SI_Tamriel_OutfitBase_07
01015EA4	03015EA4	Jensine	Jensine	OUTFITS_TO_CHOOSE	00SI_Tamriel_OutfitBase_01
01015EA8	03015EA8	Palonirya	Palonirya	OUTFITS_TO_CHOOSE	00SI_Tamriel_OutfitBase_03
01015EAB	03015EAB	ClaudettePerrick	Claudette Perrick	OUTFITS_TO_CHOOSE	00SI_Tamriel_OutfitBase_04
01016054	03016054	PistaMarillin	Pista Marillin	OUTFITS_TO_CHOOSE	00SI_Tamriel_OutfitBase_01
01016058	03016058	IreneMetrick	Irene Metrick	OUTFITS_TO_CHOOSE	00SI_Tamriel_OutfitBase_03
0101605A	0301605A	CarmanaSintav	Carmana Sintav	OUTFITS_TO_CHOOSE	00SI_Tamriel_OutfitBase_06
0101605D	0301605D	IdaVlinorman	Ida Vlinorman	OUTFITS_TO_CHOOSE	00SI_Tamriel_OutfitBase_01
01016060	03016060	Mandil	Mandil	OUTFITS_TO_CHOOSE	00SI_Tamriel_OutfitBase_08
01016062	03016062	RomanaFaleria	Romana Faleria	OUTFITS_TO_CHOOSE	00SI_Tamriel_OutfitBase_02
01016063	03016063	ElisaPierrane	Elisa Pierrane	OUTFITS_TO_CHOOSE	00SI_Tamriel_OutfitBase_02
01016067	03016067	JastiaSintav	Jastia Sintav	OUTFITS_TO_CHOOSE	00SI_Tamriel_OutfitBase_02
01016068	03016068	JenaSintav	Jena Sintav	OUTFITS_TO_CHOOSE	00SI_Tamriel_OutfitBase_03
010164BF	030164BF	SE10Saint	Golden Saint Messenger	OUTFITS_TO_CHOOSE	00SI_Tamriel_OutfitBase_01
01016819	03016819	SEIssmi	Issmi	OUTFITS_TO_CHOOSE	00SI_Tamriel_OutfitBase_05
0101681B	0301681B	SEAdeo	Adeo	OUTFITS_TO_CHOOSE	00SI_Tamriel_OutfitBase_04
01016B8E	03016B8E	SEStaada	Staada	OUTFITS_TO_CHOOSE	00SI_Tamriel_OutfitBase_07
010171C0	030171C0	SE12OrderPriestMania3	Priest of Order	OUTFITS_TO_CHOOSE	00SI_Tamriel_OutfitBase_02
010171C4	030171C4	SE12OrderPriestDementia3	Priest of Order	OUTFITS_TO_CHOOSE	00SI_Tamriel_OutfitBase_06
0101723C	0301723C	SE07ADarkSeducerEliteBodyguard	Dark Seducer Royal Guard	OUTFITS_TO_CHOOSE	00SI_Tamriel_OutfitBase_05
01017432	03017432	SE08GoldenSaintDeadFemale	Golden Saint	OUTFITS_TO_CHOOSE	00SI_Tamriel_OutfitBase_04
01017433	03017433	SE08DarkSeducerGrakendoUdico	Grakendo Udico	OUTFITS_TO_CHOOSE	00SI_Tamriel_OutfitBase_07
01017438	03017438	SE08DarkSeducerDeadFemale	Dark Seducer	OUTFITS_TO_CHOOSE	00SI_Tamriel_OutfitBase_03
01017439	03017439	SE08GoldenSaintAurigDesha	Aurig Desha	OUTFITS_TO_CHOOSE	00SI_Tamriel_OutfitBase_01
0101745C	0301745C	SE10SaintWarrior1	Golden Saint Warrior	OUTFITS_TO_CHOOSE	00SI_Tamriel_OutfitBase_05
0101745F	0301745F	SE10SaintWarrior2	Golden Saint Warrior	OUTFITS_TO_CHOOSE	00SI_Tamriel_OutfitBase_03
0101746E	0301746E	SEDylora	Dylora	OUTFITS_TO_CHOOSE	00SI_Tamriel_OutfitBase_01
0101783A	0301783A	SEJastiraNanusDementia	Jastira Nanus	OUTFITS_TO_CHOOSE	00SI_Tamriel_OutfitBase_07
01017CFD	03017CFD	SE10SeducerWarrior1	Dark Seducer Warrior	OUTFITS_TO_CHOOSE	00SI_Tamriel_OutfitBase_08
01017D00	03017D00	SE10SeducerWarrior2	Dark Seducer Warrior	OUTFITS_TO_CHOOSE	00SI_Tamriel_OutfitBase_01
01018DBE	03018DBE	SE06GoldenSaintWarden	Chuna	OUTFITS_TO_CHOOSE	00SI_Tamriel_OutfitBase_05
01018DBF	03018DBF	SE06DarkSeducerWarden	Vika	OUTFITS_TO_CHOOSE	00SI_Tamriel_OutfitBase_05
01018F8F	03018F8F	SEStela	Stela	OUTFITS_TO_CHOOSE	00SI_Tamriel_OutfitBase_08
01018FDA	03018FDA	SE02OrcAdventurer2	Adventurer	OUTFITS_TO_CHOOSE	00SI_Tamriel_OutfitBase_02
0101951C	0301951C	SE06DarkSeducerMissileHoldPosition02	Dark Seducer	OUTFITS_TO_CHOOSE	00SI_Tamriel_OutfitBase_01
0101A116	0301A116	SESfara	S'fara	OUTFITS_TO_CHOOSE	00SI_Tamriel_OutfitBase_05
0101A13C	0301A13C	SE06DarkSeducerMeleeHoldPosition	Dark Seducer	OUTFITS_TO_CHOOSE	00SI_Tamriel_OutfitBase_03
0101A13D	0301A13D	SE06DarkSeducerMeleeRedeploy01	Dark Seducer	OUTFITS_TO_CHOOSE	00SI_Tamriel_OutfitBase_02
0101A13E	0301A13E	SE06DarkSeducerMissileRedeploy01	Dark Seducer	OUTFITS_TO_CHOOSE	00SI_Tamriel_OutfitBase_07
0101A165	0301A165	SE06DarkSeducerUlfriBodyguard01	Dark Seducer	OUTFITS_TO_CHOOSE	00SI_Tamriel_OutfitBase_01
0101A1B1	0301A1B1	SE06DarkSeducerMissileRedeploy02	Dark Seducer	OUTFITS_TO_CHOOSE	00SI_Tamriel_OutfitBase_08
0101A1B2	0301A1B2	SE06DarkSeducerMissileRedeploy03	Dark Seducer	OUTFITS_TO_CHOOSE	00SI_Tamriel_OutfitBase_08
0101A78E	0301A78E	SE13DarkSeducerCaptain	Autkendo Jansa	OUTFITS_TO_CHOOSE	00SI_Tamriel_OutfitBase_02
0101A790	0301A790	SE13GoldenSaintCaptain	Aurmazl Zudeh	OUTFITS_TO_CHOOSE	00SI_Tamriel_OutfitBase_08
0101A792	0301A792	SE13DarkSeducerMessenger	Dark Seducer	OUTFITS_TO_CHOOSE	00SI_Tamriel_OutfitBase_03
0101A795	0301A795	SE13GoldenSaintMessenger	Golden Saint	OUTFITS_TO_CHOOSE	00SI_Tamriel_OutfitBase_05
0101A7A3	0301A7A3	SE13DarkSeducerPalace	Dark Seducer	OUTFITS_TO_CHOOSE	00SI_Tamriel_OutfitBase_08
0101A7A7	0301A7A7	SE13GoldenSaintPalace	Golden Saint	OUTFITS_TO_CHOOSE	00SI_Tamriel_OutfitBase_04
0101AC8C	0301AC8C	SE13DarkSeducerPlayer	Dark Seducer	OUTFITS_TO_CHOOSE	00SI_Tamriel_OutfitBase_03
0101AC8D	0301AC8D	SE13DarkSeducerGeneric1	Dark Seducer	OUTFITS_TO_CHOOSE	00SI_Tamriel_OutfitBase_07
0101AC8E	0301AC8E	SE13GoldenSaintGeneric1	Golden Saint	OUTFITS_TO_CHOOSE	00SI_Tamriel_OutfitBase_02
0101AC8F	0301AC8F	SE13DarkSeducerGenericOfficer	Dark Seducer Grakedrig	OUTFITS_TO_CHOOSE	00SI_Tamriel_OutfitBase_01
0101AC90	0301AC90	SE13GoldenSaintGenericOfficer	Golden Saint Auredel	OUTFITS_TO_CHOOSE	00SI_Tamriel_OutfitBase_07
0101AC91	0301AC91	SE13GoldenSaintPlayer	Golden Saint	OUTFITS_TO_CHOOSE	00SI_Tamriel_OutfitBase_08
0101AC94	0301AC94	SE13DarkSeducerGeneric2	Dark Seducer	OUTFITS_TO_CHOOSE	00SI_Tamriel_OutfitBase_01
0101ACC5	0301ACC5	SE13GoldenSaintGeneric2	Golden Saint	OUTFITS_TO_CHOOSE	00SI_Tamriel_OutfitBase_02
0101B038	0301B038	SE10SaintWarriorDead1	Golden Saint Warrior	OUTFITS_TO_CHOOSE	00SI_Tamriel_OutfitBase_03
0101B658	0301B658	SE10SeducerWarriorDead1	Dark Seducer Warrior	OUTFITS_TO_CHOOSE	00SI_Tamriel_OutfitBase_04
0101C14C	0301C14C	Rohssan	Rohssan	OUTFITS_TO_CHOOSE	00SI_Tamriel_OutfitBase_06
0101C166	0301C166	BrittaInvel	Britta Invel	OUTFITS_TO_CHOOSE	00SI_Tamriel_OutfitBase_02
0101C16D	0301C16D	Termanwe	Termanwe	OUTFITS_TO_CHOOSE	00SI_Tamriel_OutfitBase_06
0101C458	0301C458	BeggarICMarketSimplicia	Simplicia the Slow	OUTFITS_TO_CHOOSE	00SI_Tamriel_OutfitBase_05
0101C45B	0301C45B	BeggarICTempleBuntara	Ragbag Buntara	OUTFITS_TO_CHOOSE	00SI_Tamriel_OutfitBase_05
0101D343	0301D343	RalsaNorvalo	Ralsa Norvalo	OUTFITS_TO_CHOOSE	00SI_Tamriel_OutfitBase_05
0101D346	0301D346	AlessiaOttus	Alessia Ottus	OUTFITS_TO_CHOOSE	00SI_Tamriel_OutfitBase_05
0101D347	0301D347	IdaOttus	Ida Ottus	OUTFITS_TO_CHOOSE	00SI_Tamriel_OutfitBase_06
0101D34C	0301D34C	CaulaAllectus	Caula Allectus	OUTFITS_TO_CHOOSE	00SI_Tamriel_OutfitBase_04
0101D34E	0301D34E	ReneeGeonette	Renee Geonette	OUTFITS_TO_CHOOSE	00SI_Tamriel_OutfitBase_08
0101D353	0301D353	MaranaRian	Marana Rian	OUTFITS_TO_CHOOSE	00SI_Tamriel_OutfitBase_07
0101D355	0301D355	PraxedesAfranius	Praxedes Afranius	OUTFITS_TO_CHOOSE	00SI_Tamriel_OutfitBase_08
0101D9D6	0301D9D6	SE08XeddefenNPC02	Refugee	OUTFITS_TO_CHOOSE	00SI_Tamriel_OutfitBase_08
0101DB3E	0301DB3E	TestToddMaleRedguard	Cyrus	OUTFITS_TO_CHOOSE	00SI_Tamriel_OutfitBase_08
0101DB4A	0301DB4A	TestToddWoman45	Women 45	OUTFITS_TO_CHOOSE	00SI_Tamriel_OutfitBase_07
0101DB4B	0301DB4B	TestToddWoman65	Women 65	OUTFITS_TO_CHOOSE	00SI_Tamriel_OutfitBase_03
0101DB52	0301DB52	TestToddWoman25	Women 25	OUTFITS_TO_CHOOSE	00SI_Tamriel_OutfitBase_01
0101DB53	0301DB53	TestToddWoman35	Women 35	OUTFITS_TO_CHOOSE	00SI_Tamriel_OutfitBase_07
0101DB54	0301DB54	TestToddWoman55	Women 55	OUTFITS_TO_CHOOSE	00SI_Tamriel_OutfitBase_02
0101E70C	0301E70C	HjolfroditheHarrier	Hjolfrodi the Harrier	OUTFITS_TO_CHOOSE	00SI_Tamriel_OutfitBase_07
0101E796	0301E796	FGD06DeadGuy03	Cargas Laftrius	OUTFITS_TO_CHOOSE	00SI_Tamriel_OutfitBase_07
0101E831	0301E831	TG03ChapelTombGuard	Chapel Guard	OUTFITS_TO_CHOOSE	00SI_Tamriel_OutfitBase_04
0101EC04	0301EC04	DAMeridiaNecromancer3	Necromancer	OUTFITS_TO_CHOOSE	00SI_Tamriel_OutfitBase_05
0101EC05	0301EC05	DAMeridiaNecromancer4	Necromancer	OUTFITS_TO_CHOOSE	00SI_Tamriel_OutfitBase_03
0101EC06	0301EC06	DAMeridiaNecromancer5	Necromancer	OUTFITS_TO_CHOOSE	00SI_Tamriel_OutfitBase_02
0101EC33	0301EC33	LadyDrad	Lady Drad	OUTFITS_TO_CHOOSE	00SI_Tamriel_OutfitBase_04
0101EC5D	0301EC5D	Vajhira	Vajhira	OUTFITS_TO_CHOOSE	00SI_Tamriel_OutfitBase_02
0101ECAB	0301ECAB	MarentheSeal	Maren the Seal	OUTFITS_TO_CHOOSE	00SI_Tamriel_OutfitBase_08
0101ECAC	0301ECAC	MarentheSealSOUL	Soul of Maren the Seal	OUTFITS_TO_CHOOSE	00SI_Tamriel_OutfitBase_06
0101ECAF	0301ECAF	Mirie	Mirie	OUTFITS_TO_CHOOSE	00SI_Tamriel_OutfitBase_04
0101ECB0	0301ECB0	MirieSOUL	Soul of Mirie	OUTFITS_TO_CHOOSE	00SI_Tamriel_OutfitBase_02
0101ECCB	0301ECCB	SathaDalvilu	Satha Dalvilu	OUTFITS_TO_CHOOSE	00SI_Tamriel_OutfitBase_02
0101ECCC	0301ECCC	MalyaniDalvilu	Malyani Dalvilu	OUTFITS_TO_CHOOSE	00SI_Tamriel_OutfitBase_03
0101ECD1	0301ECD1	UlrikaUlfgar	Ulrika Ulfgar	OUTFITS_TO_CHOOSE	00SI_Tamriel_OutfitBase_05
0101ECD2	0301ECD2	Kirsten	Kirsten	OUTFITS_TO_CHOOSE	00SI_Tamriel_OutfitBase_05
0101ECD6	0301ECD6	DredenaHlavel	Dredena Hlavel	OUTFITS_TO_CHOOSE	00SI_Tamriel_OutfitBase_04
0101ECD8	0301ECD8	Ciindil	Ciindil	OUTFITS_TO_CHOOSE	00SI_Tamriel_OutfitBase_05
0101FB56	0301FB56	Adanrel	Adanrel	OUTFITS_TO_CHOOSE	00SI_Tamriel_OutfitBase_04
0101FB57	0301FB57	Carwen	Carwen	OUTFITS_TO_CHOOSE	00SI_Tamriel_OutfitBase_03
0101FC51	0301FC51	Angelie	Angelie	OUTFITS_TO_CHOOSE	00SI_Tamriel_OutfitBase_08
0101FC53	0301FC53	RochelleBantien	Rochelle Bantien	OUTFITS_TO_CHOOSE	00SI_Tamriel_OutfitBase_05
0101FC56	0301FC56	DraloraAthram	Dralora Athram	OUTFITS_TO_CHOOSE	00SI_Tamriel_OutfitBase_04
0101FC57	0301FC57	DynariAmnis	Dynari Amnis	OUTFITS_TO_CHOOSE	00SI_Tamriel_OutfitBase_01
0101FDCB	0301FDCB	Thamriel	Thamriel	OUTFITS_TO_CHOOSE	00SI_Tamriel_OutfitBase_05
0101FDD0	0301FDD0	Elragail	Elragail	OUTFITS_TO_CHOOSE	00SI_Tamriel_OutfitBase_05
0101FDD1	0301FDD1	AstiniaAtius	Astinia Atius	OUTFITS_TO_CHOOSE	00SI_Tamriel_OutfitBase_06
010222A3	030222A3	Glistel	Glistel	OUTFITS_TO_CHOOSE	00SI_Tamriel_OutfitBase_08
010222AC	030222AC	CastaScribonia	Casta Scribonia	OUTFITS_TO_CHOOSE	00SI_Tamriel_OutfitBase_06
010222AE	030222AE	CarmenLitte	Carmen Litte	OUTFITS_TO_CHOOSE	00SI_Tamriel_OutfitBase_02
010222B0	030222B0	ArielaDoran	Ariela Doran	OUTFITS_TO_CHOOSE	00SI_Tamriel_OutfitBase_06
010222B2	030222B2	RenaBruiant	Rena Bruiant	OUTFITS_TO_CHOOSE	00SI_Tamriel_OutfitBase_03
010222BA	030222BA	Chanel	Chanel	OUTFITS_TO_CHOOSE	00SI_Tamriel_OutfitBase_05
010224E2	030224E2	Earana	Earana	OUTFITS_TO_CHOOSE	00SI_Tamriel_OutfitBase_07
010224EC	030224EC	Ocheeva	Ocheeva	OUTFITS_TO_CHOOSE	00SI_Tamriel_OutfitBase_03
010224EF	030224EF	Minerva	Minerva	OUTFITS_TO_CHOOSE	00SI_Tamriel_OutfitBase_07
01022C84	03022C84	MQ06MythicDawnAcolyteRandomFemale	Mythic Dawn Acolyte	OUTFITS_TO_CHOOSE	00SI_Tamriel_OutfitBase_05
01022C85	03022C85	MQ06MythicDawnGuardRandomFemale	Mythic Dawn Guard	OUTFITS_TO_CHOOSE	00SI_Tamriel_OutfitBase_03
01022D4B	03022D4B	TestScreenshotWoman	TestScreenshotWoman	OUTFITS_TO_CHOOSE	00SI_Tamriel_OutfitBase_01
01022E3B	03022E3B	MQ06MythicDawnAcolyte02	Mythic Dawn Acolyte	OUTFITS_TO_CHOOSE	00SI_Tamriel_OutfitBase_03
01022E3C	03022E3C	MQ06MythicDawnAcolyte04	Mythic Dawn Acolyte	OUTFITS_TO_CHOOSE	00SI_Tamriel_OutfitBase_03
01023188	03023188	TestKKWoman	TestKKWoman	OUTFITS_TO_CHOOSE	00SI_Tamriel_OutfitBase_07
0102319F	0302319F	TestMaleFashionModel	Boromir	OUTFITS_TO_CHOOSE	00SI_Tamriel_OutfitBase_03
010231A0	030231A0	FemaleFashionModel	Brooke	OUTFITS_TO_CHOOSE	00SI_Tamriel_OutfitBase_07
0102349F	0302349F	Renote	Captain Renault	OUTFITS_TO_CHOOSE	00SI_Tamriel_OutfitBase_06
010234AA	030234AA	ArrianaValga	Countess Arriana Valga	OUTFITS_TO_CHOOSE	00SI_Tamriel_OutfitBase_04
010234AE	030234AE	OraggraBargol	Orag gra-Bargol	OUTFITS_TO_CHOOSE	00SI_Tamriel_OutfitBase_02
010234AF	030234AF	Rasheda	Rasheda	OUTFITS_TO_CHOOSE	00SI_Tamriel_OutfitBase_04
010234B0	030234B0	EstelleRenoit	Estelle Renoit	OUTFITS_TO_CHOOSE	00SI_Tamriel_OutfitBase_08
010234B1	030234B1	HomrazgraMorgrump	Homraz gra Morgrump	OUTFITS_TO_CHOOSE	00SI_Tamriel_OutfitBase_02
010234B4	030234B4	Talasma	Talasma	OUTFITS_TO_CHOOSE	00SI_Tamriel_OutfitBase_02
010234B7	030234B7	Emfrid	Emfrid	OUTFITS_TO_CHOOSE	00SI_Tamriel_OutfitBase_08
010234B8	030234B8	SeedNeeus	Seed-Neeus	OUTFITS_TO_CHOOSE	00SI_Tamriel_OutfitBase_03
010234BD	030234BD	SabineLaul	Sabine Laul	OUTFITS_TO_CHOOSE	00SI_Tamriel_OutfitBase_03
010234C1	030234C1	VilenaDonton	Vilena Donton	OUTFITS_TO_CHOOSE	00SI_Tamriel_OutfitBase_04
01023E36	03023E36	AntoinettaMarie	Antoinetta Marie	OUTFITS_TO_CHOOSE	00SI_Tamriel_OutfitBase_03
01023FEA	03023FEA	MachNa	Mach-Na	OUTFITS_TO_CHOOSE	00SI_Tamriel_OutfitBase_03
010243C8	030243C8	CandiceCorgine	Candice Corgine	OUTFITS_TO_CHOOSE	00SI_Tamriel_OutfitBase_03
01024412	03024412	SchlerusSestius	Schlera Sestius	OUTFITS_TO_CHOOSE	00SI_Tamriel_OutfitBase_03
010251CE	030251CE	Telaendril	Telaendril	OUTFITS_TO_CHOOSE	00SI_Tamriel_OutfitBase_08
01026ACC	03026ACC	MorGraGamorn	Mor gra-Gamorn	OUTFITS_TO_CHOOSE	00SI_Tamriel_OutfitBase_02
01026ADA	03026ADA	Beewos	Beewos	OUTFITS_TO_CHOOSE	00SI_Tamriel_OutfitBase_07
01026ADB	03026ADB	Angalsama	Angalsama	OUTFITS_TO_CHOOSE	00SI_Tamriel_OutfitBase_01
01026AEF	03026AEF	Zabhila	Zabhila	OUTFITS_TO_CHOOSE	00SI_Tamriel_OutfitBase_06
01026B1B	03026B1B	Umbra	Umbra	OUTFITS_TO_CHOOSE	00SI_Tamriel_OutfitBase_07
01026B2C	03026B2C	Shafaye	Shafaye	OUTFITS_TO_CHOOSE	00SI_Tamriel_OutfitBase_03
01026B36	03026B36	Anedhel	Anedhel	OUTFITS_TO_CHOOSE	00SI_Tamriel_OutfitBase_05
01026B4E	03026B4E	Yushi	Yushi	OUTFITS_TO_CHOOSE	00SI_Tamriel_OutfitBase_04
01026B4F	03026B4F	IsabeauBienne	Isabeau Bienne	OUTFITS_TO_CHOOSE	00SI_Tamriel_OutfitBase_04
01026F0D	03026F0D	MQ11CheydinhalSoldier01	Cheydinhal Soldier	OUTFITS_TO_CHOOSE	00SI_Tamriel_OutfitBase_06
01027327	03027327	MQ13BrumaMilitiaFemale	Bruma Militia	OUTFITS_TO_CHOOSE	00SI_Tamriel_OutfitBase_05
010274CB	030274CB	TestArena01	Arena Contestant	OUTFITS_TO_CHOOSE	00SI_Tamriel_OutfitBase_04
010277D2	030277D2	DovesiDran	Dovesi Dran	OUTFITS_TO_CHOOSE	00SI_Tamriel_OutfitBase_07
010277D5	030277D5	MatildePetit	Matilde Petit	OUTFITS_TO_CHOOSE	00SI_Tamriel_OutfitBase_07
01027F94	03027F94	Rienna	Rienna	OUTFITS_TO_CHOOSE	00SI_Tamriel_OutfitBase_02
01028034	03028034	Tierra	Tierra	OUTFITS_TO_CHOOSE	00SI_Tamriel_OutfitBase_02
010280C7	030280C7	EtiraMoslin	Etira Moslin	OUTFITS_TO_CHOOSE	00SI_Tamriel_OutfitBase_01
010280C9	030280C9	DarMa	Dar-Ma	OUTFITS_TO_CHOOSE	00SI_Tamriel_OutfitBase_08
010280CB	030280CB	MarlenaBrussiner	Marlena Brussiner	OUTFITS_TO_CHOOSE	00SI_Tamriel_OutfitBase_06
01028E73	03028E73	FalanuHlaalu	Falanu Hlaalu	OUTFITS_TO_CHOOSE	00SI_Tamriel_OutfitBase_01
01028E7D	03028E7D	UndenaOrethi	Undena Orethi	OUTFITS_TO_CHOOSE	00SI_Tamriel_OutfitBase_04
01028F8C	03028F8C	MoggraMogakh	Mog gra-Mogakh	OUTFITS_TO_CHOOSE	00SI_Tamriel_OutfitBase_05
01028F8D	03028F8D	UgakgraMogakh	Ugak gra-Mogakh	OUTFITS_TO_CHOOSE	00SI_Tamriel_OutfitBase_03
01028F90	03028F90	ErinaJeranus	Erina Jeranus	OUTFITS_TO_CHOOSE	00SI_Tamriel_OutfitBase_07
01028F96	03028F96	ElseGodHater	Else God-Hater	OUTFITS_TO_CHOOSE	00SI_Tamriel_OutfitBase_07
01028F9B	03028F9B	AgnetethePickled	Agnete the Pickled	OUTFITS_TO_CHOOSE	00SI_Tamriel_OutfitBase_08
01028F9F	03028F9F	MariePalielle	Marie Palielle	OUTFITS_TO_CHOOSE	00SI_Tamriel_OutfitBase_07
01028FA7	03028FA7	Laenafil	Laenafil	OUTFITS_TO_CHOOSE	00SI_Tamriel_OutfitBase_03
01028FAC	03028FAC	Neesha	Neesha	OUTFITS_TO_CHOOSE	00SI_Tamriel_OutfitBase_06
01028FB0	03028FB0	HalLiurz	Hal-Liurz	OUTFITS_TO_CHOOSE	00SI_Tamriel_OutfitBase_02
01029232	03029232	ArenaRank1C	Yellow Team Brawler	OUTFITS_TO_CHOOSE	00SI_Tamriel_OutfitBase_03
01029233	03029233	ArenaRank1B	Yellow Team Brawler	OUTFITS_TO_CHOOSE	00SI_Tamriel_OutfitBase_02
010293E4	030293E4	Parwen	Parwen	OUTFITS_TO_CHOOSE	00SI_Tamriel_OutfitBase_02
010293EE	030293EE	Druja	Druja	OUTFITS_TO_CHOOSE	00SI_Tamriel_OutfitBase_06
010294AF	030294AF	BernadettePeneles	Bernadette Peneles	OUTFITS_TO_CHOOSE	00SI_Tamriel_OutfitBase_08
010294CC	030294CC	Tamika	Tamika	OUTFITS_TO_CHOOSE	00SI_Tamriel_OutfitBase_03
0102950A	0302950A	AdrienneBerene	Adrienne Berene	OUTFITS_TO_CHOOSE	00SI_Tamriel_OutfitBase_08
0102952D	0302952D	Ruma	Ruma Camoran	OUTFITS_TO_CHOOSE	00SI_Tamriel_OutfitBase_05
01029909	03029909	ArenaRank2B	Yellow Team Bloodletter	OUTFITS_TO_CHOOSE	00SI_Tamriel_OutfitBase_08
01029911	03029911	ArenaRank3B	Yellow Team Myrmidon	OUTFITS_TO_CHOOSE	00SI_Tamriel_OutfitBase_07
01029938	03029938	ArenaRank4A	Yellow Team Warrior	OUTFITS_TO_CHOOSE	00SI_Tamriel_OutfitBase_04
01029939	03029939	ArenaRank4B	Yellow Team Warrior	OUTFITS_TO_CHOOSE	00SI_Tamriel_OutfitBase_03
01029944	03029944	ArenaRank4C	Yellow Team Warrior	OUTFITS_TO_CHOOSE	00SI_Tamriel_OutfitBase_01
01029946	03029946	ArenaRank5B	Yellow Team Gladiator	OUTFITS_TO_CHOOSE	00SI_Tamriel_OutfitBase_08
0102996B	0302996B	ArenaRank6D	Yellow Team Champion	OUTFITS_TO_CHOOSE	00SI_Tamriel_OutfitBase_05
0102996D	0302996D	ArenaRank6E	Yellow Team Pit Dog	OUTFITS_TO_CHOOSE	00SI_Tamriel_OutfitBase_03
0102A2B1	0302A2B1	ArenaRank0A	Yellow Team Pit Dog	OUTFITS_TO_CHOOSE	00SI_Tamriel_OutfitBase_02
0102ACD1	0302ACD1	ArenaYellowCombatant	Yellow Team Combatant	OUTFITS_TO_CHOOSE	00SI_Tamriel_OutfitBase_08
0102AD83	0302AD83	TestChappyCombatGuy	Test Guy	OUTFITS_TO_CHOOSE	00SI_Tamriel_OutfitBase_02
0102AF3C	0302AF3C	Rigmor	Rigmor	OUTFITS_TO_CHOOSE	00SI_Tamriel_OutfitBase_05
0102B528	0302B528	UmoggraMarad	Umog gra-Marad	OUTFITS_TO_CHOOSE	00SI_Tamriel_OutfitBase_01
0102C0EB	0302C0EB	ErissareArenim	Erissare Arenim	OUTFITS_TO_CHOOSE	00SI_Tamriel_OutfitBase_03
0102C6C0	0302C6C0	DAAzuraVoice	Azura's Voce for Recording	OUTFITS_TO_CHOOSE	00SI_Tamriel_OutfitBase_07
0102C8D8	0302C8D8	Witseidutsei	Witseidutsei	OUTFITS_TO_CHOOSE	00SI_Tamriel_OutfitBase_01
0102CB2D	0302CB2D	DelphineJend	Delphine Jend	OUTFITS_TO_CHOOSE	00SI_Tamriel_OutfitBase_02
0102CD1E	0302CD1E	Carahil	Carahil	OUTFITS_TO_CHOOSE	00SI_Tamriel_OutfitBase_04
0102CD1F	0302CD1F	KudEi	Kud-Ei	OUTFITS_TO_CHOOSE	00SI_Tamriel_OutfitBase_07
0102CD20	0302CD20	JeanneFrasoric	Jeanne Frasoric	BRUMA_OUTFITS_TO_CHOOSE	00SI_Bruma_OutfitBase_02
0102CD22	0302CD22	Dagail	Dagail	OUTFITS_TO_CHOOSE	00SI_Tamriel_OutfitBase_08
0102D01B	0302D01B	Ardaline	Ardaline	OUTFITS_TO_CHOOSE	00SI_Tamriel_OutfitBase_04
0102D01C	0302D01C	ItaRienus	Ita Rienus	OUTFITS_TO_CHOOSE	00SI_Tamriel_OutfitBase_03
0102D01D	0302D01D	Aryarie	Aryarie	OUTFITS_TO_CHOOSE	00SI_Tamriel_OutfitBase_07
0102D020	0302D020	SelenaOrania	Selena Orania	BRUMA_OUTFITS_TO_CHOOSE	00SI_Bruma_OutfitBase_03
0102D021	0302D021	Deetsan	Deetsan	OUTFITS_TO_CHOOSE	00SI_Tamriel_OutfitBase_04
0102D023	0302D023	Eilonwy	Eilonwy	OUTFITS_TO_CHOOSE	00SI_Tamriel_OutfitBase_03
0102D025	0302D025	Uurwen	Uurwen	OUTFITS_TO_CHOOSE	00SI_Tamriel_OutfitBase_04
0102D027	0302D027	AlvesUvenim	Alves Uvenim	OUTFITS_TO_CHOOSE	00SI_Tamriel_OutfitBase_05
0102D028	0302D028	Agata	Agata	OUTFITS_TO_CHOOSE	00SI_Tamriel_OutfitBase_07
0102D6EE	0302D6EE	WeedumJa	Weedum-Ja	OUTFITS_TO_CHOOSE	00SI_Tamriel_OutfitBase_03
0102D6F9	0302D6F9	Tavia	Tavia	OUTFITS_TO_CHOOSE	00SI_Tamriel_OutfitBase_05
0102D6FB	0302D6FB	BatulgraSharob	Batul gra-Sharob	OUTFITS_TO_CHOOSE	00SI_Tamriel_OutfitBase_02
0102D701	0302D701	Sigrid	Sigrid	OUTFITS_TO_CHOOSE	00SI_Tamriel_OutfitBase_08
0102DC06	0302DC06	Kiara	Kiara	OUTFITS_TO_CHOOSE	00SI_Tamriel_OutfitBase_04
0102DC08	0302DC08	Caminalda	Caminalda	OUTFITS_TO_CHOOSE	00SI_Tamriel_OutfitBase_01
0102E5C6	0302E5C6	HerminiaCinna	Herminia Cinna	OUTFITS_TO_CHOOSE	00SI_Tamriel_OutfitBase_02
0102F108	0302F108	MQ04MythicDawnAgent02	Mythic Dawn Agent	OUTFITS_TO_CHOOSE	00SI_Tamriel_OutfitBase_03
0102F10B	0302F10B	MQ04MythicDawnAgent04	Mythic Dawn Agent	OUTFITS_TO_CHOOSE	00SI_Tamriel_OutfitBase_08
0102F865	0302F865	AdosiSerethi	Adosi Serethi	OUTFITS_TO_CHOOSE	00SI_Tamriel_OutfitBase_01
0102F866	0302F866	UrnsiSerethi	Urnsi Serethi	OUTFITS_TO_CHOOSE	00SI_Tamriel_OutfitBase_03
0102F874	0302F874	AugustaCalidia	Augusta Calidia	OUTFITS_TO_CHOOSE	00SI_Tamriel_OutfitBase_08
0102F876	0302F876	Atraena	Atraena	OUTFITS_TO_CHOOSE	00SI_Tamriel_OutfitBase_02
0102FD6E	0302FD6E	ArielleJurard	Arielle Jurard	OUTFITS_TO_CHOOSE	00SI_Tamriel_OutfitBase_03
0103001C	0303001C	Malene	Malene	OUTFITS_TO_CHOOSE	00SI_Tamriel_OutfitBase_06
0103018E	0303018E	Shaleez	Shaleez	OUTFITS_TO_CHOOSE	00SI_Tamriel_OutfitBase_01
01030FD8	03030FD8	SibyllaDraconis	Sibylla Draconis	OUTFITS_TO_CHOOSE	00SI_Tamriel_OutfitBase_01
01030FD9	03030FD9	CaeliaDraconis	Caelia Draconis	OUTFITS_TO_CHOOSE	00SI_Tamriel_OutfitBase_04
01030FDC	03030FDC	PerenniaDraconis	Perennia Draconis	OUTFITS_TO_CHOOSE	00SI_Tamriel_OutfitBase_05
01031540	03031540	Mirisa	Mirisa	OUTFITS_TO_CHOOSE	00SI_Tamriel_OutfitBase_06
01031869	03031869	CalliaBincal	Callia Bincal	OUTFITS_TO_CHOOSE	00SI_Tamriel_OutfitBase_08
01032647	03032647	VampireThief2	Vampire Thief	OUTFITS_TO_CHOOSE	00SI_Tamriel_OutfitBase_04
01032648	03032648	VampireAgent2	Vampire Agent	OUTFITS_TO_CHOOSE	00SI_Tamriel_OutfitBase_02
01032649	03032649	VampireAssassin2	Vampire Assassin	OUTFITS_TO_CHOOSE	00SI_Tamriel_OutfitBase_02
0103264A	0303264A	VampireAcrobat2	Vampire Acrobat	OUTFITS_TO_CHOOSE	00SI_Tamriel_OutfitBase_05
0103264B	0303264B	VampireMonk2	Vampire Monk	OUTFITS_TO_CHOOSE	00SI_Tamriel_OutfitBase_06
0103264C	0303264C	VampirePilgrim2	Vampire Pilgrim	OUTFITS_TO_CHOOSE	00SI_Tamriel_OutfitBase_07
0103264D	0303264D	VampireBard2	Vampire Bard	OUTFITS_TO_CHOOSE	00SI_Tamriel_OutfitBase_01
01032650	03032650	VampireHealer2	Vampire Sorcerer	OUTFITS_TO_CHOOSE	00SI_Tamriel_OutfitBase_06
01032652	03032652	VampireWitchhunter2	Vampire Witchhunter	OUTFITS_TO_CHOOSE	00SI_Tamriel_OutfitBase_05
01032654	03032654	VampireNightblade2	Vampire Nightblade	OUTFITS_TO_CHOOSE	00SI_Tamriel_OutfitBase_08
010327BB	030327BB	MarieAlouette	Marie Alouette	OUTFITS_TO_CHOOSE	00SI_Tamriel_OutfitBase_05
010327BF	030327BF	JolieRetiene	Jolie Retiene	OUTFITS_TO_CHOOSE	00SI_Tamriel_OutfitBase_08
01032941	03032941	MG16NecromancerFemale2	Mage	OUTFITS_TO_CHOOSE	00SI_Tamriel_OutfitBase_06
01032942	03032942	MG16NecromancerFemale1TEMPLATE	Mage	OUTFITS_TO_CHOOSE	00SI_Tamriel_OutfitBase_02
01032BF9	03032BF9	VampirePatriarchSorcererFemale	Vampire Matriarch	OUTFITS_TO_CHOOSE	00SI_Tamriel_OutfitBase_06
01032BFC	03032BFC	VampirePatriarchAssassinFemale	Vampire Matriarch	OUTFITS_TO_CHOOSE	00SI_Tamriel_OutfitBase_03
01032BFF	03032BFF	VampirePatriarchCrusaderFemale	Vampire Matriarch	OUTFITS_TO_CHOOSE	00SI_Tamriel_OutfitBase_04
01033904	03033904	MargueriteDiel	Marguerite Diel	OUTFITS_TO_CHOOSE	00SI_Tamriel_OutfitBase_07
01033906	03033906	OnStayaSundew	On-Staya Sundew	OUTFITS_TO_CHOOSE	00SI_Tamriel_OutfitBase_07
01033B8B	03033B8B	MG16NecromancerFemale3	Mage	OUTFITS_TO_CHOOSE	00SI_Tamriel_OutfitBase_08
01033C74	03033C74	RosentiaGallenus	Rosentia Gallenus	OUTFITS_TO_CHOOSE	00SI_Tamriel_OutfitBase_08
01034E65	03034E65	Shuravi	Shuravi	OUTFITS_TO_CHOOSE	00SI_Tamriel_OutfitBase_08
01034E66	03034E66	Shamada	Shamada	OUTFITS_TO_CHOOSE	00SI_Tamriel_OutfitBase_07
01034E67	03034E67	Shomara	Shomara	OUTFITS_TO_CHOOSE	00SI_Tamriel_OutfitBase_01
01034E6B	03034E6B	SilanaBlandia	Silana Blandia	OUTFITS_TO_CHOOSE	00SI_Tamriel_OutfitBase_04
01034E6F	03034E6F	Tsavi	Tsavi	OUTFITS_TO_CHOOSE	00SI_Tamriel_OutfitBase_03
01034E73	03034E73	Sherina	Sherina	OUTFITS_TO_CHOOSE	00SI_Tamriel_OutfitBase_02
01034E78	03034E78	Tsrava	Tsrava	OUTFITS_TO_CHOOSE	00SI_Tamriel_OutfitBase_07
01034E7B	03034E7B	Rana	Rana	OUTFITS_TO_CHOOSE	00SI_Tamriel_OutfitBase_05
01034E7E	03034E7E	Numeen	Numeen	OUTFITS_TO_CHOOSE	00SI_Tamriel_OutfitBase_04
01034E81	03034E81	Margarte	Margarte	OUTFITS_TO_CHOOSE	00SI_Tamriel_OutfitBase_05
01034E84	03034E84	Bejeen	Bejeen	OUTFITS_TO_CHOOSE	00SI_Tamriel_OutfitBase_08
01034E87	03034E87	Ahdarji	Ahdarji	OUTFITS_TO_CHOOSE	00SI_Tamriel_OutfitBase_02
01034E8A	03034E8A	JulittaPlotius	Julitta Plotius	OUTFITS_TO_CHOOSE	00SI_Tamriel_OutfitBase_04
01034E8C	03034E8C	AlessiaCaro	Countess Alessia Caro	OUTFITS_TO_CHOOSE	00SI_Tamriel_OutfitBase_03
01034E8D	03034E8D	HlidaraMothril	Hlidara Mothril	OUTFITS_TO_CHOOSE	00SI_Tamriel_OutfitBase_04
01034E99	03034E99	Methredhel	Methredhel	OUTFITS_TO_CHOOSE	00SI_Tamriel_OutfitBase_05
01034EAD	03034EAD	Caranya	Caranya	OUTFITS_TO_CHOOSE	00SI_Tamriel_OutfitBase_07
01034EAF	03034EAF	JulienneFanis	Julienne Fanis	OUTFITS_TO_CHOOSE	00SI_Tamriel_OutfitBase_06
01034EB2	03034EB2	TarMeena	Tar-Meena	OUTFITS_TO_CHOOSE	00SI_Tamriel_OutfitBase_04
01034EB3	03034EB3	BoderiFarano	Boderi Farano	OUTFITS_TO_CHOOSE	00SI_Tamriel_OutfitBase_06
01034EB5	03034EB5	MartinaFloria	Martina Floria	OUTFITS_TO_CHOOSE	00SI_Tamriel_OutfitBase_06
01034EB7	03034EB7	Bothiel	Bothiel	OUTFITS_TO_CHOOSE	00SI_Tamriel_OutfitBase_02
0103529A	0303529A	MyvrynaArano	Myvryna Arano	OUTFITS_TO_CHOOSE	00SI_Tamriel_OutfitBase_02
010352B1	030352B1	Zahrasha	Zahrasha	OUTFITS_TO_CHOOSE	00SI_Tamriel_OutfitBase_08
010352B3	030352B3	Eletta	Eletta	OUTFITS_TO_CHOOSE	00SI_Tamriel_OutfitBase_07
010353DF	030353DF	NoveniOthran	Noveni Othran	OUTFITS_TO_CHOOSE	00SI_Tamriel_OutfitBase_08
0103571D	0303571D	ArvenaThelas	Arvena Thelas	OUTFITS_TO_CHOOSE	00SI_Tamriel_OutfitBase_07
01035DD6	03035DD6	Skrivva	S'Krivva	OUTFITS_TO_CHOOSE	00SI_Tamriel_OutfitBase_06
01035EAD	03035EAD	Petrine	Petrine	BRUMA_OUTFITS_TO_CHOOSE	00SI_Bruma_OutfitBase_02
01035EB4	03035EB4	Skjorta	Skjorta	BRUMA_OUTFITS_TO_CHOOSE	00SI_Bruma_OutfitBase_02
01035EB7	03035EB7	IsaRaman	Isa Raman	BRUMA_OUTFITS_TO_CHOOSE	00SI_Bruma_OutfitBase_01
01035EBB	03035EBB	NarinaCarvain	Countess Narina Carvain	BRUMA_OUTFITS_TO_CHOOSE	00SI_Bruma_OutfitBase_01
01035EBC	03035EBC	YvaraChannitte	Yvara Channitte	BRUMA_OUTFITS_TO_CHOOSE	00SI_Bruma_OutfitBase_02
01035EC2	03035EC2	BumphgraGash	Bumph gra-Gash	BRUMA_OUTFITS_TO_CHOOSE	00SI_Bruma_OutfitBase_03
01035EC4	03035EC4	Alga	Alga	BRUMA_OUTFITS_TO_CHOOSE	00SI_Bruma_OutfitBase_02
01035EC5	03035EC5	LyraRosentia	Lyra Rosentia	BRUMA_OUTFITS_TO_CHOOSE	00SI_Bruma_OutfitBase_01
01035EC7	03035EC7	ErlineLirrian	Erline Lirrian	BRUMA_OUTFITS_TO_CHOOSE	00SI_Bruma_OutfitBase_02
01035EC9	03035EC9	JantusBrolus	Jantus Brolus	BRUMA_OUTFITS_TO_CHOOSE	00SI_Bruma_OutfitBase_01
01035ECB	03035ECB	Jearl	Jearl	BRUMA_OUTFITS_TO_CHOOSE	00SI_Bruma_OutfitBase_03
01035ECC	03035ECC	SaveriFaram	Saveri Faram	BRUMA_OUTFITS_TO_CHOOSE	00SI_Bruma_OutfitBase_03
01035ECD	03035ECD	ArnoraAuria	Arnora Auria	BRUMA_OUTFITS_TO_CHOOSE	00SI_Bruma_OutfitBase_01
01035ECF	03035ECF	EdlaDarkHeart	Edla Dark-Heart	BRUMA_OUTFITS_TO_CHOOSE	00SI_Bruma_OutfitBase_01
01035F43	03035F43	Skaleel	Skaleel	OUTFITS_TO_CHOOSE	00SI_Tamriel_OutfitBase_04
01035FD2	03035FD2	MarauderMissileFemale3A	Marauder Archer	OUTFITS_TO_CHOOSE	00SI_Tamriel_OutfitBase_07
01035FD3	03035FD3	MarauderMissileFemale4A	Marauder Archer	OUTFITS_TO_CHOOSE	00SI_Tamriel_OutfitBase_01
01035FDC	03035FDC	MarauderMageFemale3B	Marauder Battlemage	OUTFITS_TO_CHOOSE	00SI_Tamriel_OutfitBase_08
01035FDD	03035FDD	MarauderMageFemale2	Marauder Battlemage	OUTFITS_TO_CHOOSE	00SI_Tamriel_OutfitBase_03
01035FE0	03035FE0	MarauderBossFemale1	Marauder Warlord	OUTFITS_TO_CHOOSE	00SI_Tamriel_OutfitBase_06
01035FE1	03035FE1	MarauderBossFemale2	Marauder Warlord	OUTFITS_TO_CHOOSE	00SI_Tamriel_OutfitBase_04
01036308	03036308	Arquen	Arquen	OUTFITS_TO_CHOOSE	00SI_Tamriel_OutfitBase_04
01037575	03037575	Caroline	Caroline	OUTFITS_TO_CHOOSE	00SI_Tamriel_OutfitBase_07
01037576	03037576	Jena	Jena	OUTFITS_TO_CHOOSE	00SI_Tamriel_OutfitBase_08
01037CDD	03037CDD	YsabelAndronicus	Ysabel Andronicus	OUTFITS_TO_CHOOSE	00SI_Tamriel_OutfitBase_07
010389B8	030389B8	Abhuki	Abhuki	OUTFITS_TO_CHOOSE	00SI_Tamriel_OutfitBase_08
0103AA83	0303AA83	Tsarrina	Tsarrina	OUTFITS_TO_CHOOSE	00SI_Tamriel_OutfitBase_01
0103AA85	0303AA85	SignyHomeWrecker	Signy Home-Wrecker	OUTFITS_TO_CHOOSE	00SI_Tamriel_OutfitBase_01
0103AA89	0303AA89	FaustinaCartia	Faustina Cartia	OUTFITS_TO_CHOOSE	00SI_Tamriel_OutfitBase_03
0103AB4E	0303AB4E	DavelaHlaren	Davela Hlaren	OUTFITS_TO_CHOOSE	00SI_Tamriel_OutfitBase_05
0103AB78	0303AB78	TestBoundBuff	Uses Bound	OUTFITS_TO_CHOOSE	00SI_Tamriel_OutfitBase_05
0103AB7C	0303AB7C	TestSummonBuff	Uses Summon	OUTFITS_TO_CHOOSE	00SI_Tamriel_OutfitBase_05
0103B3D4	0303B3D4	MaelonaGuard	Maelona	OUTFITS_TO_CHOOSE	00SI_Tamriel_OutfitBase_06
0103C15F	0303C15F	Alawen	Alawen	OUTFITS_TO_CHOOSE	00SI_Tamriel_OutfitBase_02
0103DB31	0303DB31	BanditMeleeFemale4A	Bandit	OUTFITS_TO_CHOOSE	00SI_Tamriel_OutfitBase_08
0103DB33	0303DB33	BanditMeleeFemale2	Bandit	OUTFITS_TO_CHOOSE	00SI_Tamriel_OutfitBase_07
0103DB34	0303DB34	BanditMeleeFemale3A	Bandit	OUTFITS_TO_CHOOSE	00SI_Tamriel_OutfitBase_03
0103DB35	0303DB35	BanditMeleeFemale3B	Bandit	OUTFITS_TO_CHOOSE	00SI_Tamriel_OutfitBase_02
0103DC27	0303DC27	BanditBossFemale1	Bandit Ringleader	OUTFITS_TO_CHOOSE	00SI_Tamriel_OutfitBase_07
0103DC28	0303DC28	BanditBossFemale2	Bandit Ringleader	OUTFITS_TO_CHOOSE	00SI_Tamriel_OutfitBase_07
0103DC29	0303DC29	BanditBossFemale3	Bandit Ringleader	OUTFITS_TO_CHOOSE	00SI_Tamriel_OutfitBase_07
0103DC42	0303DC42	BanditMissileFemale4A	Bandit Bowman	OUTFITS_TO_CHOOSE	00SI_Tamriel_OutfitBase_03
0103DC43	0303DC43	BanditMissileFemale2	Bandit Bowman	OUTFITS_TO_CHOOSE	00SI_Tamriel_OutfitBase_08
0103DC44	0303DC44	BanditMissileFemale3B	Bandit Bowman	OUTFITS_TO_CHOOSE	00SI_Tamriel_OutfitBase_01
0103DC45	0303DC45	BanditMissileFemale3A	Bandit Bowman	OUTFITS_TO_CHOOSE	00SI_Tamriel_OutfitBase_08
0103DC57	0303DC57	BanditWizardFemale3A	Bandit Hedge Wizard	OUTFITS_TO_CHOOSE	00SI_Tamriel_OutfitBase_03
0103DC58	0303DC58	BanditWizardFemale4A	Bandit Hedge Wizard	OUTFITS_TO_CHOOSE	00SI_Tamriel_OutfitBase_05
0103DC61	0303DC61	MarauderMeleeFemale3B	Marauder	OUTFITS_TO_CHOOSE	00SI_Tamriel_OutfitBase_03
0103DC62	0303DC62	MarauderMeleeFemale2	Marauder	OUTFITS_TO_CHOOSE	00SI_Tamriel_OutfitBase_04
0103DC63	0303DC63	MarauderMeleeFemale4A	Marauder	OUTFITS_TO_CHOOSE	00SI_Tamriel_OutfitBase_06
0103DC64	0303DC64	MarauderMeleeFemale3A	Marauder	OUTFITS_TO_CHOOSE	00SI_Tamriel_OutfitBase_03
0103E0DF	0303E0DF	Clesa	Clesa	OUTFITS_TO_CHOOSE	00SI_Tamriel_OutfitBase_08
0103E183	0303E183	Elsynia	Elsynia	OUTFITS_TO_CHOOSE	00SI_Tamriel_OutfitBase_08
0103E188	0303E188	Karinnarre	Karinnarre	BRUMA_OUTFITS_TO_CHOOSE	00SI_Bruma_OutfitBase_01
0103E193	0303E193	Eyja	Eyja	OUTFITS_TO_CHOOSE	00SI_Tamriel_OutfitBase_04
0103E92F	0303E92F	BralsaAndaren	Bralsa Andaren	OUTFITS_TO_CHOOSE	00SI_Tamriel_OutfitBase_01
0103E931	0303E931	Melisande	Melisande	OUTFITS_TO_CHOOSE	00SI_Tamriel_OutfitBase_06
0103E956	0303E956	RonaHassildor	Rona Hassildor	OUTFITS_TO_CHOOSE	00SI_Tamriel_OutfitBase_02
0103EAAE	0303EAAE	MQ15MythicDawnPrisonerFemale	Prisoner	OUTFITS_TO_CHOOSE	00SI_Tamriel_OutfitBase_03
0103FB83	0303FB83	MG07MarauderMissileFemale1	Marauder Archer	OUTFITS_TO_CHOOSE	00SI_Tamriel_OutfitBase_01
0103FB85	0303FB85	MG07MarauderMageFemale1	Marauder Battlemage	OUTFITS_TO_CHOOSE	00SI_Tamriel_OutfitBase_08
0104118F	0304118F	SEZealotBoss1HighElfFemale	Zealot Neophyte	OUTFITS_TO_CHOOSE	00SI_Tamriel_OutfitBase_03
01041190	03041190	SEZealotBoss2HighElfFemale	Zealot Missionary	OUTFITS_TO_CHOOSE	00SI_Tamriel_OutfitBase_03
01041191	03041191	SEZealotBoss3BretonFemale	Zealot Proselytizer	OUTFITS_TO_CHOOSE	00SI_Tamriel_OutfitBase_07
01041192	03041192	SEZealotBoss4HighElfFemale	Zealot Matriarch	OUTFITS_TO_CHOOSE	00SI_Tamriel_OutfitBase_06
01041193	03041193	SEZealotBoss5BretonFemale	Ascended Zealot	OUTFITS_TO_CHOOSE	00SI_Tamriel_OutfitBase_01
01041199	03041199	SEZealot1HighElfFemale	Zealot Neophyte	OUTFITS_TO_CHOOSE	00SI_Tamriel_OutfitBase_02
0104119A	0304119A	SEZealot2HighElfFemale	Zealot Missionary	OUTFITS_TO_CHOOSE	00SI_Tamriel_OutfitBase_05
0104119B	0304119B	SEZealot3HighElfFemale	Zealot Prosleytizer	OUTFITS_TO_CHOOSE	00SI_Tamriel_OutfitBase_07
0104119C	0304119C	SEZealot4HighElfFemale	Zealot Matriarch	OUTFITS_TO_CHOOSE	00SI_Tamriel_OutfitBase_07
0104119D	0304119D	SEZealot5HighElfFemale	Ascended Zealot	OUTFITS_TO_CHOOSE	00SI_Tamriel_OutfitBase_07
010411F3	030411F3	SEThaedil	Thaedil	OUTFITS_TO_CHOOSE	00SI_Tamriel_OutfitBase_05
01041273	03041273	SEHeretic1BretonFemale	Heretic Novitiate	OUTFITS_TO_CHOOSE	00SI_Tamriel_OutfitBase_07
01041274	03041274	SEHeretic2BretonFemale	Heretic Soldier	OUTFITS_TO_CHOOSE	00SI_Tamriel_OutfitBase_05
01041275	03041275	SEHeretic3BretonFemale	Heretic Crusader	OUTFITS_TO_CHOOSE	00SI_Tamriel_OutfitBase_08
01041277	03041277	SEHeretic5BretonFemale	Transformed Heretic	OUTFITS_TO_CHOOSE	00SI_Tamriel_OutfitBase_05
0104150F	0304150F	SEDarkSeducerFemaleBoss	Dark Seducer	OUTFITS_TO_CHOOSE	00SI_Tamriel_OutfitBase_06
01041510	03041510	SEGoldenSaintFemaleBoss	Golden Saint	OUTFITS_TO_CHOOSE	00SI_Tamriel_OutfitBase_08
01041511	03041511	SEDarkSeducerFemaleMage	Dark Seducer Mage	OUTFITS_TO_CHOOSE	00SI_Tamriel_OutfitBase_08
01041512	03041512	SEGoldenSaintFemaleMage	Golden Saint Mage	OUTFITS_TO_CHOOSE	00SI_Tamriel_OutfitBase_08
01043824	03043824	SE09Victim01	Victim	OUTFITS_TO_CHOOSE	00SI_Tamriel_OutfitBase_08
01043F17	03043F17	SE06DarkSeducerMeleeAttackRoomA01	Dark Seducer	OUTFITS_TO_CHOOSE	00SI_Tamriel_OutfitBase_01
01044044	03044044	SE09ExperimentCorpse01	Test Subject	OUTFITS_TO_CHOOSE	00SI_Tamriel_OutfitBase_01
0104412A	0304412A	SE06DarkSeducerUlfriBodyguard02	Dark Seducer	OUTFITS_TO_CHOOSE	00SI_Tamriel_OutfitBase_06
01045631	03045631	SE14Dancer1	Dancer	OUTFITS_TO_CHOOSE	00SI_Tamriel_OutfitBase_01
01045762	03045762	SEDarkSeducerGuardPost	Dark Seducer Guard	OUTFITS_TO_CHOOSE	00SI_Tamriel_OutfitBase_03
010457D9	030457D9	SEGoldenSaintGuardPost	Golden Saint Guard	OUTFITS_TO_CHOOSE	00SI_Tamriel_OutfitBase_06
0104593F	0304593F	SEGoldenSaintGuardWildernessOfficer	Golden Saint Aurgezel	OUTFITS_TO_CHOOSE	00SI_Tamriel_OutfitBase_01
01045946	03045946	SEGoldenSaintGuardWilderness1	Golden Saint Guard	OUTFITS_TO_CHOOSE	00SI_Tamriel_OutfitBase_08
010459A8	030459A8	SESummonGoldenSaintFemale	Golden Saint	OUTFITS_TO_CHOOSE	00SI_Tamriel_OutfitBase_02
010459A9	030459A9	SESummonDarkSeducerFemale	Dark Seducer	OUTFITS_TO_CHOOSE	00SI_Tamriel_OutfitBase_02
010459C0	030459C0	SEDarkSeducerGuardWildernessOfficer	Dark Seducer Kiskedrig	OUTFITS_TO_CHOOSE	00SI_Tamriel_OutfitBase_08
010459C1	030459C1	SEDarkSeducerGuardWilderness1	Dark Seducer Guard	OUTFITS_TO_CHOOSE	00SI_Tamriel_OutfitBase_03
0104679E	0304679E	SEDarkSeducerGuardPatrolDay	Dark Seducer Guard	OUTFITS_TO_CHOOSE	00SI_Tamriel_OutfitBase_02
0104679F	0304679F	SEGoldenSaintGuardPatrol3	Golden Saint Guard	OUTFITS_TO_CHOOSE	00SI_Tamriel_OutfitBase_07
010467A0	030467A0	SEGoldenSaintGuardPatrolNight	Golden Saint Guard	OUTFITS_TO_CHOOSE	00SI_Tamriel_OutfitBase_01
010467A3	030467A3	SEGoldenSaintGuardPatrolDay	Golden Saint Guard	OUTFITS_TO_CHOOSE	00SI_Tamriel_OutfitBase_04
010467CE	030467CE	SEDarkSeducerGuardPatrolNight	Dark Seducer Guard	OUTFITS_TO_CHOOSE	00SI_Tamriel_OutfitBase_05
01046830	03046830	SE14GSFemaleMelee	Golden Saint	OUTFITS_TO_CHOOSE	00SI_Tamriel_OutfitBase_07
01046836	03046836	SE14DSFemaleMelee	Dark Seducer	OUTFITS_TO_CHOOSE	00SI_Tamriel_OutfitBase_01
01047720	03047720	ViniciaMelissaeia	Vinicia Melissaeia	OUTFITS_TO_CHOOSE	00SI_Tamriel_OutfitBase_08
010477DB	030477DB	BronsilaKvinchal	Bronsila Kvinchal	OUTFITS_TO_CHOOSE	00SI_Tamriel_OutfitBase_08
010479F7	030479F7	Atahba	Atahba	OUTFITS_TO_CHOOSE	00SI_Tamriel_OutfitBase_07
01048962	03048962	DarkFirstMate	First Mate Malvulis	OUTFITS_TO_CHOOSE	00SI_Tamriel_OutfitBase_08
01049197	03049197	MG13Vampire04Warrior	Bloodcrust Vampire	OUTFITS_TO_CHOOSE	00SI_Tamriel_OutfitBase_04
0104A866	0304A866	SE13GoldenSaintDead	Golden Saint	OUTFITS_TO_CHOOSE	00SI_Tamriel_OutfitBase_04
0104A86F	0304A86F	SEGoldenSaintGuardPalacePatrol1	Golden Saint Guard	OUTFITS_TO_CHOOSE	00SI_Tamriel_OutfitBase_03
0104A871	0304A871	SEDarkSeducerGuardPalacePatrol1	Dark Seducer Guard	OUTFITS_TO_CHOOSE	00SI_Tamriel_OutfitBase_03
0104B76F	0304B76F	TG06PaleLadyVampire	Pale Lady	OUTFITS_TO_CHOOSE	00SI_Tamriel_OutfitBase_08
0104B92B	0304B92B	ConjurerFemaleBreton3	Conjurer	OUTFITS_TO_CHOOSE	00SI_Tamriel_OutfitBase_01
0104B92C	0304B92C	ConjurerFemaleHighElf2	Conjurer	OUTFITS_TO_CHOOSE	00SI_Tamriel_OutfitBase_07
0104B92D	0304B92D	ConjurerFemaleHighElf4	Conjurer	OUTFITS_TO_CHOOSE	00SI_Tamriel_OutfitBase_05
0104B92E	0304B92E	ConjurerFemaleHighElf3	Conjurer	OUTFITS_TO_CHOOSE	00SI_Tamriel_OutfitBase_03
0104B939	0304B939	NecromancerFemaleBreton4	Necromancer	OUTFITS_TO_CHOOSE	00SI_Tamriel_OutfitBase_05
0104B93A	0304B93A	NecromancerFemaleBreton2	Necromancer	OUTFITS_TO_CHOOSE	00SI_Tamriel_OutfitBase_02
0104B93B	0304B93B	NecromancerFemaleHighElf4	Necromancer	OUTFITS_TO_CHOOSE	00SI_Tamriel_OutfitBase_07
0104B93C	0304B93C	NecromancerFemaleHighElf3	Necromancer	OUTFITS_TO_CHOOSE	00SI_Tamriel_OutfitBase_08
0104B940	0304B940	ConjurerBossFemaleBreton	Conjurer Adept	OUTFITS_TO_CHOOSE	00SI_Tamriel_OutfitBase_05
0104B941	0304B941	ConjurerBossFemaleHighElf	Conjurer Adept	OUTFITS_TO_CHOOSE	00SI_Tamriel_OutfitBase_08
0104B945	0304B945	NecromancerBossFemaleHighElf	Necromancer Adept	OUTFITS_TO_CHOOSE	00SI_Tamriel_OutfitBase_08
0104B946	0304B946	NecromancerBossFemaleBreton	Necromancer Adept	OUTFITS_TO_CHOOSE	00SI_Tamriel_OutfitBase_06
0104BD31	0304BD31	SE14Healer1	Court Healer	OUTFITS_TO_CHOOSE	00SI_Tamriel_OutfitBase_03
0104D83C	0304D83C	Nardhil	Nardhil	OUTFITS_TO_CHOOSE	00SI_Tamriel_OutfitBase_05
0104DAEE	0304DAEE	SE05SummonedSeducer2	Dark Seducer	OUTFITS_TO_CHOOSE	00SI_Tamriel_OutfitBase_08
0104DAF3	0304DAF3	SE05SummonedSeducer3	Dark Seducer	OUTFITS_TO_CHOOSE	00SI_Tamriel_OutfitBase_05
0104DAF7	0304DAF7	SE05SummonedSeducer4	Dark Seducer	OUTFITS_TO_CHOOSE	00SI_Tamriel_OutfitBase_03
0104E887	0304E887	MivrynaArano	Mivryna Arano	OUTFITS_TO_CHOOSE	00SI_Tamriel_OutfitBase_03
0104F77D	0304F77D	JanoniaAurunceia	Janonia Aurunceia	OUTFITS_TO_CHOOSE	00SI_Tamriel_OutfitBase_08
01050C87	03050C87	SE32genericDefender02	Vitharn Ghost Soldier	OUTFITS_TO_CHOOSE	00SI_Tamriel_OutfitBase_05
01050C8E	03050C8E	SE32genericDefenderMissile02	Vitharn Ghost Archer	OUTFITS_TO_CHOOSE	00SI_Tamriel_OutfitBase_08
01050C8F	03050C8F	SE32genericDefenderMissile03	Vitharn Ghost Archer	OUTFITS_TO_CHOOSE	00SI_Tamriel_OutfitBase_08
010514C6	030514C6	Smirra	S'mirra	OUTFITS_TO_CHOOSE	00SI_Tamriel_OutfitBase_01
01051EE3	03051EE3	DAMephalaVoice	Mephala's Voice for Recording	OUTFITS_TO_CHOOSE	00SI_Tamriel_OutfitBase_05
0105282E	0305282E	SEHeretic1HighElfFemale	Heretic Novitiate	OUTFITS_TO_CHOOSE	00SI_Tamriel_OutfitBase_04
01052830	03052830	SEHeretic2HighElfFemale	Heretic Soldier	OUTFITS_TO_CHOOSE	00SI_Tamriel_OutfitBase_08
01052832	03052832	SEHeretic3HighElfFemale	Heretic Crusader	OUTFITS_TO_CHOOSE	00SI_Tamriel_OutfitBase_04
01052834	03052834	SEHeretic4HighElfFemale	Heretic Warpriest	OUTFITS_TO_CHOOSE	00SI_Tamriel_OutfitBase_05
01052835	03052835	SEHeretic4BretonFemale	Heretic Warpriest	OUTFITS_TO_CHOOSE	00SI_Tamriel_OutfitBase_03
01052838	03052838	SEHeretic5HighElfFemale	Transformed Heretic	OUTFITS_TO_CHOOSE	00SI_Tamriel_OutfitBase_01
0105283F	0305283F	SEZealotBoss1BretonFemale	Zealot Neophyte	OUTFITS_TO_CHOOSE	00SI_Tamriel_OutfitBase_03
01052840	03052840	SEZealotBoss2BretonFemale	Zealot Missionary	OUTFITS_TO_CHOOSE	00SI_Tamriel_OutfitBase_08
01052841	03052841	SEZealotBoss3HighElfFemale	Zealot Proselytizer	OUTFITS_TO_CHOOSE	00SI_Tamriel_OutfitBase_04
01052842	03052842	SEZealotBoss4BretonFemale	Zealot Matriarch	OUTFITS_TO_CHOOSE	00SI_Tamriel_OutfitBase_03
01052843	03052843	SEZealotBoss5HighElfFemale	Ascended Zealot	OUTFITS_TO_CHOOSE	00SI_Tamriel_OutfitBase_07
01052844	03052844	SEZealot1BretonFemale	Zealot Neophyte	OUTFITS_TO_CHOOSE	00SI_Tamriel_OutfitBase_06
01052846	03052846	SEZealot2BretonFemale	Zealot Missionary	OUTFITS_TO_CHOOSE	00SI_Tamriel_OutfitBase_07
01052848	03052848	SEZealot3BretonFemale	Zealot Prosleytizer	OUTFITS_TO_CHOOSE	00SI_Tamriel_OutfitBase_08
0105284A	0305284A	SEZealot4BretonFemale	Zealot Matriarch	OUTFITS_TO_CHOOSE	00SI_Tamriel_OutfitBase_06
0105284C	0305284C	SEZealot5BretonFemale	Ascended Zealot	OUTFITS_TO_CHOOSE	00SI_Tamriel_OutfitBase_01
01052F70	03052F70	SE32Reveler02	Vitharn Ghost Reveler	OUTFITS_TO_CHOOSE	00SI_Tamriel_OutfitBase_06
01052F72	03052F72	SE32Reveler04	Vitharn Ghost Reveler	OUTFITS_TO_CHOOSE	00SI_Tamriel_OutfitBase_08
01052F74	03052F74	SE32Reveler06	Vitharn Reveler	OUTFITS_TO_CHOOSE	00SI_Tamriel_OutfitBase_07
01052F90	03052F90	SE07ADarkSeducerEliteQuartersGuard01	Dark Seducer Royal Guard	OUTFITS_TO_CHOOSE	00SI_Tamriel_OutfitBase_03
01052F92	03052F92	SE07ADarkSeducerEliteQuartersGuard02	Dark Seducer Royal Guard	OUTFITS_TO_CHOOSE	00SI_Tamriel_OutfitBase_07
01053095	03053095	SE07ADarkSeducerEliteChambersGuard02	Dark Seducer Royal Guard	OUTFITS_TO_CHOOSE	00SI_Tamriel_OutfitBase_06
01053096	03053096	SE07ADarkSeducerEliteChambersGuard01	Dark Seducer Royal Guard	OUTFITS_TO_CHOOSE	00SI_Tamriel_OutfitBase_07
0105383F	0305383F	ArnoraCorpse	Arnora	BRUMA_OUTFITS_TO_CHOOSE	00SI_Bruma_OutfitBase_01
01054971	03054971	SE06GoldenSaint02	Golden Saint	OUTFITS_TO_CHOOSE	00SI_Tamriel_OutfitBase_08
01054979	03054979	SE06GoldenSaint03	Golden Saint	OUTFITS_TO_CHOOSE	00SI_Tamriel_OutfitBase_04
0105497A	0305497A	SE06GoldenSaint04	Golden Saint	OUTFITS_TO_CHOOSE	00SI_Tamriel_OutfitBase_03
0105497E	0305497E	SE06GoldenSaint05	Golden Saint	OUTFITS_TO_CHOOSE	00SI_Tamriel_OutfitBase_07
0105497F	0305497F	SE06DarkSeducerMeleeAttackRoomA02	Dark Seducer	OUTFITS_TO_CHOOSE	00SI_Tamriel_OutfitBase_01
01054980	03054980	SE06DarkSeducerMeleeAttackRoomA03	Dark Seducer	OUTFITS_TO_CHOOSE	00SI_Tamriel_OutfitBase_04
01054981	03054981	SE06DarkSeducerMissileHoldPosition01	Dark Seducer	OUTFITS_TO_CHOOSE	00SI_Tamriel_OutfitBase_04
01054982	03054982	SE06DarkSeducerMissileHoldPosition03	Dark Seducer	OUTFITS_TO_CHOOSE	00SI_Tamriel_OutfitBase_06
01054983	03054983	SE06DarkSeducerMissileHoldPosition04	Dark Seducer	OUTFITS_TO_CHOOSE	00SI_Tamriel_OutfitBase_06
01054984	03054984	SE06DarkSeducerMissileHoldPosition05	Dark Seducer	OUTFITS_TO_CHOOSE	00SI_Tamriel_OutfitBase_08
01054B41	03054B41	SE09Victim04	Victim	OUTFITS_TO_CHOOSE	00SI_Tamriel_OutfitBase_05
01055007	03055007	SEBreakneckNovitiate	Heretic Novitiate	OUTFITS_TO_CHOOSE	00SI_Tamriel_OutfitBase_01
01055125	03055125	SE07XirethardDarkSeducerPatrol02	Dark Seducer Archer	OUTFITS_TO_CHOOSE	00SI_Tamriel_OutfitBase_02
01055126	03055126	SE07XirethardDarkSeducerPatrol01	Dark Seducer Mage	OUTFITS_TO_CHOOSE	00SI_Tamriel_OutfitBase_04
01055127	03055127	SE07XirethardDarkSeducerPatrol03	Dark Seducer	OUTFITS_TO_CHOOSE	00SI_Tamriel_OutfitBase_08
01055139	03055139	SE07XirethardDarkSeducerPatrol04	Dark Seducer Archer	OUTFITS_TO_CHOOSE	00SI_Tamriel_OutfitBase_08
0105530E	0305530E	TestTrapVictimHigh	LCD	OUTFITS_TO_CHOOSE	00SI_Tamriel_OutfitBase_01
0105530F	0305530F	TestTrapVictimLow	LCD	OUTFITS_TO_CHOOSE	00SI_Tamriel_OutfitBase_03
0105544F	0305544F	SERottenDenZealotBoss2TEMPLATE	Zealot Neophyte	OUTFITS_TO_CHOOSE	00SI_Tamriel_OutfitBase_08
01055877	03055877	SE07ASESylDouble	Syl	OUTFITS_TO_CHOOSE	00SI_Tamriel_OutfitBase_06
01055FED	03055FED	SE06GoldenSaintVictory	Golden Saint	OUTFITS_TO_CHOOSE	00SI_Tamriel_OutfitBase_03
01055FEE	03055FEE	SE06DarkSeducerVictory	Dark Seducer	OUTFITS_TO_CHOOSE	00SI_Tamriel_OutfitBase_03
0105602E	0305602E	SE07BGoldenSaintPrivateQuartersGuard01	Golden Saint Guard	OUTFITS_TO_CHOOSE	00SI_Tamriel_OutfitBase_05
01056039	03056039	SE07BGoldenSaintGardenGuard	Golden Saint Guard	OUTFITS_TO_CHOOSE	00SI_Tamriel_OutfitBase_08
0105609D	0305609D	SE32Worshipper02	Vitharn Ghost Citizen	OUTFITS_TO_CHOOSE	00SI_Tamriel_OutfitBase_01
010560D5	030560D5	SE32Worshipper01	Vitharn Ghost Citizen	OUTFITS_TO_CHOOSE	00SI_Tamriel_OutfitBase_04
010579C4	030579C4	DAMeridiaVoice		OUTFITS_TO_CHOOSE	00SI_Tamriel_OutfitBase_08
01059B4B	03059B4B	SE07Xirethard01DarkSeducerPatrol01a	Dark Seducer	OUTFITS_TO_CHOOSE	00SI_Tamriel_OutfitBase_01
01059B4C	03059B4C	SE07Xirethard01DarkSeducerPatrol01b	Dark Seducer	OUTFITS_TO_CHOOSE	00SI_Tamriel_OutfitBase_08
01059B53	03059B53	SE07Xirethard01DarkSeducerDoorGuard01	Dark Seducer	OUTFITS_TO_CHOOSE	00SI_Tamriel_OutfitBase_06
01059D2F	03059D2F	Astante	Astante	OUTFITS_TO_CHOOSE	00SI_Tamriel_OutfitBase_05
0105D516	0305D516	NorasaAdus	Norasa Adus	OUTFITS_TO_CHOOSE	00SI_Tamriel_OutfitBase_08
0105D547	0305D547	JavoliaMaborel	Javolia Maborel	OUTFITS_TO_CHOOSE	00SI_Tamriel_OutfitBase_05
0105DC98	0305DC98	DANamiraForgotten1a	Forgotten One	OUTFITS_TO_CHOOSE	00SI_Tamriel_OutfitBase_06
0105DC9C	0305DC9C	DANamiraForgotten2a	Forgotten One	OUTFITS_TO_CHOOSE	00SI_Tamriel_OutfitBase_04
0105DCA1	0305DCA1	DANamiraForgotten3b	Forgotten One	OUTFITS_TO_CHOOSE	00SI_Tamriel_OutfitBase_01
0105DCA4	0305DCA4	DANamiraForgotten4a	Forgotten One	OUTFITS_TO_CHOOSE	00SI_Tamriel_OutfitBase_04
0105FA44	0305FA44	SEDredhwenOrdered	Dredhwen	OUTFITS_TO_CHOOSE	00SI_Tamriel_OutfitBase_04
0105FA48	0305FA48	SENanetteDonOrdered	Nanette Don	OUTFITS_TO_CHOOSE	00SI_Tamriel_OutfitBase_02
010607E1	030607E1	SE14Juggler	Juggler	OUTFITS_TO_CHOOSE	00SI_Tamriel_OutfitBase_08
01061BD7	03061BD7	SEGoldenSaintGuardTEST1	Golden Saint Guard	OUTFITS_TO_CHOOSE	00SI_Tamriel_OutfitBase_01
01062D0F	03062D0F	SE32Citizen03	Vitharn Ghost Citizen	OUTFITS_TO_CHOOSE	00SI_Tamriel_OutfitBase_03
01062D10	03062D10	SE32Citizen01	Vitharn Ghost Citizen	OUTFITS_TO_CHOOSE	00SI_Tamriel_OutfitBase_06
0106374A	0306374A	SE14GSEscort	Golden Saint Escort	OUTFITS_TO_CHOOSE	00SI_Tamriel_OutfitBase_08
010637AD	030637AD	SE14DSEscort	Dark Seducer Escort	OUTFITS_TO_CHOOSE	00SI_Tamriel_OutfitBase_06
01067417	03067417	Skasha	S'kasha	OUTFITS_TO_CHOOSE	00SI_Tamriel_OutfitBase_01
01068459	03068459	RestitaStatlilia	Restita Statlilia	OUTFITS_TO_CHOOSE	00SI_Tamriel_OutfitBase_07
01069AD2	03069AD2	BanditMissileFemale4B	Bandit Bowman	OUTFITS_TO_CHOOSE	00SI_Tamriel_OutfitBase_04
01069AD5	03069AD5	BanditMeleeFemale4B	Bandit	OUTFITS_TO_CHOOSE	00SI_Tamriel_OutfitBase_02
01069AD6	03069AD6	MarauderMageFemale4B	Marauder Battlemage	OUTFITS_TO_CHOOSE	00SI_Tamriel_OutfitBase_04
01069AD7	03069AD7	MarauderMeleeFemale4B	Marauder	OUTFITS_TO_CHOOSE	00SI_Tamriel_OutfitBase_04
01069ADB	03069ADB	ConjurerFemaleBreton4	Conjurer	OUTFITS_TO_CHOOSE	00SI_Tamriel_OutfitBase_05
01069ADC	03069ADC	NecromancerFemaleBreton3	Necromancer	OUTFITS_TO_CHOOSE	00SI_Tamriel_OutfitBase_08
01069ADF	03069ADF	VampireAcrobat4	Vampire Acrobat	OUTFITS_TO_CHOOSE	00SI_Tamriel_OutfitBase_07
01069AE1	03069AE1	VampireAgent4	Vampire Agent	OUTFITS_TO_CHOOSE	00SI_Tamriel_OutfitBase_06
01069AE2	03069AE2	VampireArcher3	Vampire Archer	OUTFITS_TO_CHOOSE	00SI_Tamriel_OutfitBase_06
01069AE5	03069AE5	VampireAssassin4	Vampire Assassin	OUTFITS_TO_CHOOSE	00SI_Tamriel_OutfitBase_04
01069AE6	03069AE6	VampireBarbarian3	Vampire Barbarian	OUTFITS_TO_CHOOSE	00SI_Tamriel_OutfitBase_06
01069AE9	03069AE9	VampireBard4	Vampire Bard	OUTFITS_TO_CHOOSE	00SI_Tamriel_OutfitBase_03
01069AEA	03069AEA	VampireBattlemage3	Vampire Battlemage	OUTFITS_TO_CHOOSE	00SI_Tamriel_OutfitBase_06
01069AEC	03069AEC	VampireCrusader3	Vampire Crusader	OUTFITS_TO_CHOOSE	00SI_Tamriel_OutfitBase_04
01069AEF	03069AEF	VampireHealer4	Vampire Sorcerer	OUTFITS_TO_CHOOSE	00SI_Tamriel_OutfitBase_05
01069AF0	03069AF0	VampireKnight3	Vampire Knight	OUTFITS_TO_CHOOSE	00SI_Tamriel_OutfitBase_05
01069AF2	03069AF2	VampireMage3	Vampire Mage	OUTFITS_TO_CHOOSE	00SI_Tamriel_OutfitBase_05
01069AF5	03069AF5	VampireMonk4	Vampire Monk	OUTFITS_TO_CHOOSE	00SI_Tamriel_OutfitBase_07
01069AF7	03069AF7	VampireNightblade4	Vampire Nightblade	OUTFITS_TO_CHOOSE	00SI_Tamriel_OutfitBase_08
01069AF9	03069AF9	VampirePilgrim4	Vampire Pilgrim	OUTFITS_TO_CHOOSE	00SI_Tamriel_OutfitBase_03
01069AFA	03069AFA	VampireRogue3	Vampire Rogue	OUTFITS_TO_CHOOSE	00SI_Tamriel_OutfitBase_06
01069AFC	03069AFC	VampireScout3	Vampire Scout	OUTFITS_TO_CHOOSE	00SI_Tamriel_OutfitBase_02
01069AFE	03069AFE	VampireSorcerer3	Vampire Sorcerer	OUTFITS_TO_CHOOSE	00SI_Tamriel_OutfitBase_07
01069B00	03069B00	VampireSpellsword3	Vampire Spellsword	OUTFITS_TO_CHOOSE	00SI_Tamriel_OutfitBase_02
01069B03	03069B03	VampireThief4	Vampire Thief	OUTFITS_TO_CHOOSE	00SI_Tamriel_OutfitBase_04
01069B04	03069B04	VampireWarrior3	Vampire Warrior	OUTFITS_TO_CHOOSE	00SI_Tamriel_OutfitBase_04
01069B07	03069B07	VampireWitchhunter4	Vampire Witchhunter	OUTFITS_TO_CHOOSE	00SI_Tamriel_OutfitBase_06
0106A830	0306A830	MGMageScholar3	Mage Scholar	OUTFITS_TO_CHOOSE	00SI_Tamriel_OutfitBase_07
0106A833	0306A833	MGMageApprentice	Mage Apprentice	OUTFITS_TO_CHOOSE	00SI_Tamriel_OutfitBase_07
0106AAA9	0306AAA9	MGMageApprentice4	Mage Apprentice	OUTFITS_TO_CHOOSE	00SI_Tamriel_OutfitBase_08
0106AAAD	0306AAAD	MGMageApprentice8	Mage Apprentice	OUTFITS_TO_CHOOSE	00SI_Tamriel_OutfitBase_04
0106AAB0	0306AAB0	MGMageScholar4	Mage Scholar	OUTFITS_TO_CHOOSE	00SI_Tamriel_OutfitBase_06
0106B32B	0306B32B	SnakgraBura	Snak gra-Bura	OUTFITS_TO_CHOOSE	00SI_Tamriel_OutfitBase_01
0106BD2B	0306BD2B	FGD06DeadGuy05	Ariente	OUTFITS_TO_CHOOSE	00SI_Tamriel_OutfitBase_08
0106BD2D	0306BD2D	FGD06DeadGuy06	Lashana	OUTFITS_TO_CHOOSE	00SI_Tamriel_OutfitBase_07
0106BFA4	0306BFA4	DeadKhajiitBandit	Dead Bandit	OUTFITS_TO_CHOOSE	00SI_Tamriel_OutfitBase_08
0106C357	0306C357	VilverinBanditSittingNPC	Bandit	OUTFITS_TO_CHOOSE	00SI_Tamriel_OutfitBase_06
0106C35D	0306C35D	VilverinBanditFurnitureKhajiit	Bandit	OUTFITS_TO_CHOOSE	00SI_Tamriel_OutfitBase_01
010738DC	030738DC	ClarabellaPirate1	Pirate	OUTFITS_TO_CHOOSE	00SI_Tamriel_OutfitBase_08
01073A30	03073A30	DASkullArgonianFemale	Corrupted Clone	OUTFITS_TO_CHOOSE	00SI_Tamriel_OutfitBase_02
01073A32	03073A32	DASkullKhajiitFemale	Corrupted Clone	OUTFITS_TO_CHOOSE	00SI_Tamriel_OutfitBase_05
01073A3B	03073A3B	DASkullBretonFemale	Corrupted Clone	OUTFITS_TO_CHOOSE	00SI_Tamriel_OutfitBase_05
01073A3C	03073A3C	DASkullDarkElfFemale	Corrupted Clone	OUTFITS_TO_CHOOSE	00SI_Tamriel_OutfitBase_03
01073A3D	03073A3D	DASkullHighElfFemale	Corrupted Clone	OUTFITS_TO_CHOOSE	00SI_Tamriel_OutfitBase_08
01073A3E	03073A3E	DASkullImperialFemale	Corrupted Clone	OUTFITS_TO_CHOOSE	00SI_Tamriel_OutfitBase_06
01073A3F	03073A3F	DASkullNordFemale	Corrupted Clone	OUTFITS_TO_CHOOSE	00SI_Tamriel_OutfitBase_05
01073A40	03073A40	DASkullOrcFemale	Corrupted Clone	OUTFITS_TO_CHOOSE	00SI_Tamriel_OutfitBase_08
01073A41	03073A41	DASkullRedguardFemale	Corrupted Clone	OUTFITS_TO_CHOOSE	00SI_Tamriel_OutfitBase_07
01073A42	03073A42	DASkullWoodElfFemale	Corrupted Clone	OUTFITS_TO_CHOOSE	00SI_Tamriel_OutfitBase_05
01076472	03076472	SE32VitharnMatriach	Countess Cirion	OUTFITS_TO_CHOOSE	00SI_Tamriel_OutfitBase_05
010786EC	030786EC	SEXPxiditteC1AlchemyZealotTemplate	Zealot Neophyte	OUTFITS_TO_CHOOSE	00SI_Tamriel_OutfitBase_03
0107B13B	0307B13B	SE07BGoldenSaintPrivateQuartersGuard02	Golden Saint Guard	OUTFITS_TO_CHOOSE	00SI_Tamriel_OutfitBase_02
0107B1FE	0307B1FE	SE07BGoldenSaintPalaceGuard	Golden Saint Guard	OUTFITS_TO_CHOOSE	00SI_Tamriel_OutfitBase_05
0107B3A6	0307B3A6	SE07BGoldenSaintSiloGuard01	Golden Saint Guard	OUTFITS_TO_CHOOSE	00SI_Tamriel_OutfitBase_02
0107B3A7	0307B3A7	SE07BGoldenSaintSiloGuard02	Golden Saint Guard	OUTFITS_TO_CHOOSE	00SI_Tamriel_OutfitBase_01
0107B3A8	0307B3A8	SE07BGoldenSaintSiloGuard03	Golden Saint Guard	OUTFITS_TO_CHOOSE	00SI_Tamriel_OutfitBase_01
0107B3A9	0307B3A9	SE07BGoldenSaintSiloGuard04	Golden Saint Guard	OUTFITS_TO_CHOOSE	00SI_Tamriel_OutfitBase_08
0107BA7D	0307BA7D	Dark07MercenaryFemale8	Mercenary	OUTFITS_TO_CHOOSE	00SI_Tamriel_OutfitBase_03
0107BA7F	0307BA7F	Dark07MercenaryFemale4	Mercenary	OUTFITS_TO_CHOOSE	00SI_Tamriel_OutfitBase_07
0107DB45	0307DB45	SEXPXavaraPatrolTemplate01	Zealot Neophyte	OUTFITS_TO_CHOOSE	00SI_Tamriel_OutfitBase_04
0107DB72	0307DB72	SEXPXavaraPatrolTemplate02	Zealot Neophyte	OUTFITS_TO_CHOOSE	00SI_Tamriel_OutfitBase_05
0107E205	0307E205	SE07Xirethard01DarkSeducerMissile01	Dark Seducer Archer	OUTFITS_TO_CHOOSE	00SI_Tamriel_OutfitBase_05
0107E20A	0307E20A	SE07Xirethard01DarkSeducerMissile02	Dark Seducer Archer	OUTFITS_TO_CHOOSE	00SI_Tamriel_OutfitBase_03
0107E20D	0307E20D	SE07Xirethard01DarkSeducerMelee01	Dark Seducer	OUTFITS_TO_CHOOSE	00SI_Tamriel_OutfitBase_03
0107E21F	0307E21F	SE07Xirethard01DarkSeducerMelee02	Dark Seducer	OUTFITS_TO_CHOOSE	00SI_Tamriel_OutfitBase_02
0107E220	0307E220	SE07Xirethard01DarkSeducerMelee03	Dark Seducer	OUTFITS_TO_CHOOSE	00SI_Tamriel_OutfitBase_01
0107E22D	0307E22D	SE07Xirethard01DarkSeducerMelee04	Dark Seducer	OUTFITS_TO_CHOOSE	00SI_Tamriel_OutfitBase_06
0107EBFF	0307EBFF	SE07Xirethard02DarkSeducerMissile01	Dark Seducer Archer	OUTFITS_TO_CHOOSE	00SI_Tamriel_OutfitBase_03
0107EC00	0307EC00	SE07Xirethard02DarkSeducerMissile02	Dark Seducer Archer	OUTFITS_TO_CHOOSE	00SI_Tamriel_OutfitBase_07
0108209B	0308209B	XPDireWarrenAlyssa	Alyssa	OUTFITS_TO_CHOOSE	00SI_Tamriel_OutfitBase_06
01082360	03082360	SEKnottyBramZealot01Live	Zealot Guardian	OUTFITS_TO_CHOOSE	00SI_Tamriel_OutfitBase_06
01082362	03082362	SEKnottyBramZealot01Dead	Preserved Zealot	OUTFITS_TO_CHOOSE	00SI_Tamriel_OutfitBase_07
010823B8	030823B8	SESaloniaViria	Salonia Viria	OUTFITS_TO_CHOOSE	00SI_Tamriel_OutfitBase_05
010823BC	030823BC	SEGadeneriRalvel	Gadeneri Ralvel	OUTFITS_TO_CHOOSE	00SI_Tamriel_OutfitBase_05
01082574	03082574	SEBrellachGuard	Golden Saint Guard	OUTFITS_TO_CHOOSE	00SI_Tamriel_OutfitBase_08
01082577	03082577	SEPinnacleRockGuard	Dark Seducer Guard	OUTFITS_TO_CHOOSE	00SI_Tamriel_OutfitBase_06
010825AB	030825AB	SE10GoldenSaintDead	Golden Saint	OUTFITS_TO_CHOOSE	00SI_Tamriel_OutfitBase_06
01082659	03082659	SE10DarkSeducerDead	Dark Seducer	OUTFITS_TO_CHOOSE	00SI_Tamriel_OutfitBase_07
010837CF	030837CF	Dark09Gwendolyn	Gwendolyn	OUTFITS_TO_CHOOSE	00SI_Tamriel_OutfitBase_01
01084A49	03084A49	DANocturnalVoice		OUTFITS_TO_CHOOSE	00SI_Tamriel_OutfitBase_04
0108510F	0308510F	FrancineVelain	Francine Velain	OUTFITS_TO_CHOOSE	00SI_Tamriel_OutfitBase_07
01085110	03085110	Dhola	Dhola	OUTFITS_TO_CHOOSE	00SI_Tamriel_OutfitBase_03
0108521C	0308521C	Ayisha	Ayisha	OUTFITS_TO_CHOOSE	00SI_Tamriel_OutfitBase_07
0108521D	0308521D	MensaSelas	Mensa Selas	OUTFITS_TO_CHOOSE	00SI_Tamriel_OutfitBase_04
0108587F	0308587F	JeanneFrasoricDead	Jeanne Frasoric	BRUMA_OUTFITS_TO_CHOOSE	00SI_Bruma_OutfitBase_03
0108592F	0308592F	Dark17Victim1	Unknown Victim	OUTFITS_TO_CHOOSE	00SI_Tamriel_OutfitBase_04
0108595B	0308595B	RoxyAric	Roxy Aric	OUTFITS_TO_CHOOSE	00SI_Tamriel_OutfitBase_01
01085969	03085969	MazogatheOrc	Mazoga the Orc	OUTFITS_TO_CHOOSE	00SI_Tamriel_OutfitBase_08
01086754	03086754	Dark19Murderer2	Dark Brotherhood Murderer	OUTFITS_TO_CHOOSE	00SI_Tamriel_OutfitBase_04
010897E3	030897E3	Tsalajma	Tsalajma	OUTFITS_TO_CHOOSE	00SI_Tamriel_OutfitBase_07
010897E5	030897E5	Tsramla	Tsramla	OUTFITS_TO_CHOOSE	00SI_Tamriel_OutfitBase_04
010897E7	030897E7	Sthasa	S'thasa	OUTFITS_TO_CHOOSE	00SI_Tamriel_OutfitBase_07
0108ADCA	0308ADCA	DAVaerminaVoice	DAVaerminaVoice	OUTFITS_TO_CHOOSE	00SI_Tamriel_OutfitBase_04
0108ADCB	0308ADCB	Tenville	Tenville	OUTFITS_TO_CHOOSE	00SI_Tamriel_OutfitBase_03
0108ADCC	0308ADCC	AvieraNirol	Aviera Nirol	OUTFITS_TO_CHOOSE	00SI_Tamriel_OutfitBase_02
0108DB94	0308DB94	SEHillOfSuicidesGhost02	Ghost	OUTFITS_TO_CHOOSE	00SI_Tamriel_OutfitBase_02
0108DBF6	0308DBF6	SEPrisonSaintFemaleBoss	Golden Saint Turnkey	OUTFITS_TO_CHOOSE	00SI_Tamriel_OutfitBase_05
0108DBF7	0308DBF7	SEPrisonSeducerFemaleBoss	Dark Seducer Turnkey	OUTFITS_TO_CHOOSE	00SI_Tamriel_OutfitBase_06
0108EF7C	0308EF7C	SE04FelldewAddict01	Felldew Addict	OUTFITS_TO_CHOOSE	00SI_Tamriel_OutfitBase_07
0108F4F0	0308F4F0	SE07EndSeducer01	Dark Seducer	OUTFITS_TO_CHOOSE	00SI_Tamriel_OutfitBase_01
0108F4F1	0308F4F1	SE07EndSeducer02	Dark Seducer	OUTFITS_TO_CHOOSE	00SI_Tamriel_OutfitBase_07
0108F4F2	0308F4F2	SE07EndSaint01	Golden Saint	OUTFITS_TO_CHOOSE	00SI_Tamriel_OutfitBase_02
0108F4F3	0308F4F3	SE07EndSaint02	Golden Saint	OUTFITS_TO_CHOOSE	00SI_Tamriel_OutfitBase_01
010908AC	030908AC	BanditBlackBowFemale1	Black Bow Bandit	OUTFITS_TO_CHOOSE	00SI_Tamriel_OutfitBase_07
010908AF	030908AF	BanditBlackBowFemale2	Black Bow Bandit	OUTFITS_TO_CHOOSE	00SI_Tamriel_OutfitBase_04
010908B0	030908B0	BanditBlackBowFemale3	Black Bow Bandit	OUTFITS_TO_CHOOSE	00SI_Tamriel_OutfitBase_04
010908B1	030908B1	BanditBlackBowFemale4	Black Bow Bandit	OUTFITS_TO_CHOOSE	00SI_Tamriel_OutfitBase_03
010908B6	030908B6	BanditBlackBowBoss4Female1	Black Bow Ringleader	OUTFITS_TO_CHOOSE	00SI_Tamriel_OutfitBase_02
010908B7	030908B7	BanditBlackBowBoss4Female2	Black Bow Ringleader	OUTFITS_TO_CHOOSE	00SI_Tamriel_OutfitBase_03
010908B8	030908B8	BanditBlackBowBoss4Female3	Black Bow Ringleader	OUTFITS_TO_CHOOSE	00SI_Tamriel_OutfitBase_05
01090AB3	03090AB3	Oleta	Oleta	OUTFITS_TO_CHOOSE	00SI_Tamriel_OutfitBase_01
010918F2	030918F2	TestPosion	Arena Contestant	OUTFITS_TO_CHOOSE	00SI_Tamriel_OutfitBase_04
01092A81	03092A81	SEPrisoner2Syl	Prisoner	OUTFITS_TO_CHOOSE	00SI_Tamriel_OutfitBase_01
01093C66	03093C66	ZahrashaDead	Zahrasha	OUTFITS_TO_CHOOSE	00SI_Tamriel_OutfitBase_06
01093CCE	03093CCE	TG08MothPriestFemale01	Blind Moth Priest	OUTFITS_TO_CHOOSE	00SI_Tamriel_OutfitBase_07
01093CCF	03093CCF	TG08MothPriestFemale02	Blind Moth Priest	OUTFITS_TO_CHOOSE	00SI_Tamriel_OutfitBase_08
01093CD2	03093CD2	TG08MothPriestBossFemale01	Blind Moth Prelate	OUTFITS_TO_CHOOSE	00SI_Tamriel_OutfitBase_07
01094E81	03094E81	MQ06MythicDawnAnteGuardF03	Mythic Dawn Guard	OUTFITS_TO_CHOOSE	00SI_Tamriel_OutfitBase_03
01094E82	03094E82	MQ06MythicDawnAnteGuardF02	Mythic Dawn Guard	OUTFITS_TO_CHOOSE	00SI_Tamriel_OutfitBase_06
01094E84	03094E84	MQ06MythicDawnAnteGuardF01	Mythic Dawn Guard	OUTFITS_TO_CHOOSE	00SI_Tamriel_OutfitBase_06
01094E85	03094E85	MQ06MythicDawnAcolyteRandom04	Mythic Dawn Acolyte	OUTFITS_TO_CHOOSE	00SI_Tamriel_OutfitBase_06
01094E87	03094E87	MQ06MythicDawnAcolyteRandom02	Mythic Dawn Acolyte	OUTFITS_TO_CHOOSE	00SI_Tamriel_OutfitBase_08
01095A45	03095A45	MS93Varulae	Varulae	OUTFITS_TO_CHOOSE	00SI_Tamriel_OutfitBase_08
0109700A	0309700A	Faurinthil	Faurinthil	OUTFITS_TO_CHOOSE	00SI_Tamriel_OutfitBase_08
0109700C	0309700C	Ashni	Ashni	OUTFITS_TO_CHOOSE	00SI_Tamriel_OutfitBase_02
0109786B	0309786B	BurMeema	Bur-Meema	OUTFITS_TO_CHOOSE	00SI_Tamriel_OutfitBase_08
01097CB0	03097CB0	MQ06MythicDawnShrineGuard01	Mythic Dawn Guard	OUTFITS_TO_CHOOSE	00SI_Tamriel_OutfitBase_01
01098252	03098252	Boroneth	Boroneth	OUTFITS_TO_CHOOSE	00SI_Tamriel_OutfitBase_07
01098255	03098255	DAAzuraVAmpire02	Afflicted Brethren	OUTFITS_TO_CHOOSE	00SI_Tamriel_OutfitBase_02
01098256	03098256	DAAzuraVampire03	Afflicted Brethren	OUTFITS_TO_CHOOSE	00SI_Tamriel_OutfitBase_08
01098257	03098257	DAAzuraVampire04	Afflicted Brethren	OUTFITS_TO_CHOOSE	00SI_Tamriel_OutfitBase_07
01098258	03098258	DAAzuraVampire05	Afflicted Brethren	OUTFITS_TO_CHOOSE	00SI_Tamriel_OutfitBase_01
010982A5	030982A5	Rona	Rona	OUTFITS_TO_CHOOSE	00SI_Tamriel_OutfitBase_02
010982F9	030982F9	BeatriceGene	Beatrice Gene	OUTFITS_TO_CHOOSE	00SI_Tamriel_OutfitBase_08
010998C2	030998C2	MQ15MythicDawnLowF03	Ascended Immortal	OUTFITS_TO_CHOOSE	00SI_Tamriel_OutfitBase_06
010998C3	030998C3	MQ15MythicDawnLowF02	Ascended Immortal	OUTFITS_TO_CHOOSE	00SI_Tamriel_OutfitBase_04
010998C4	030998C4	MQ15MythicDawnLowF01	Ascended Immortal	OUTFITS_TO_CHOOSE	00SI_Tamriel_OutfitBase_07
01099A6A	03099A6A	MG13Vampire06Assassin	Bloodcrust Vampire	OUTFITS_TO_CHOOSE	00SI_Tamriel_OutfitBase_07
01099A6D	03099A6D	MG13Vampire09Spellsword	Bloodcrust Vampire	OUTFITS_TO_CHOOSE	00SI_Tamriel_OutfitBase_05
01099A6F	03099A6F	MG13Vampire07Rogue	Bloodcrust Vampire	OUTFITS_TO_CHOOSE	00SI_Tamriel_OutfitBase_01
01099A70	03099A70	MG13Vampire08Sorcerer	Bloodcrust Vampire	OUTFITS_TO_CHOOSE	00SI_Tamriel_OutfitBase_01
010A2ADD	030A2ADD	DABoethiaChosen01	Boethia's Chosen	OUTFITS_TO_CHOOSE	00SI_Tamriel_OutfitBase_03
010A2AE0	030A2AE0	DABoethiaChosen04	Boethia's Chosen	OUTFITS_TO_CHOOSE	00SI_Tamriel_OutfitBase_02
010A2AE3	030A2AE3	DABoethiaChosen07	Boethia's Chosen	OUTFITS_TO_CHOOSE	00SI_Tamriel_OutfitBase_02
010A2AE4	030A2AE4	DABoethiaChosen08	Boethia's Chosen	OUTFITS_TO_CHOOSE	00SI_Tamriel_OutfitBase_03
010A3457	030A3457	BieneAmelionDEAD	Biene Amelion	OUTFITS_TO_CHOOSE	00SI_Tamriel_OutfitBase_01
010A3832	030A3832	TolvasaSendas	Tolvasa Sendas	OUTFITS_TO_CHOOSE	00SI_Tamriel_OutfitBase_07
010A713B	030A713B	ArenaHopeful1	Branwen	OUTFITS_TO_CHOOSE	00SI_Tamriel_OutfitBase_01
010ACE6D	030ACE6D	SisterAngrond	Sister Angrond	OUTFITS_TO_CHOOSE	00SI_Tamriel_OutfitBase_08
010ACE73	030ACE73	SisterPhebeJeanard	Sister Phebe Jeanard	OUTFITS_TO_CHOOSE	00SI_Tamriel_OutfitBase_02
010B11D4	030B11D4	Degil	Degil	OUTFITS_TO_CHOOSE	00SI_Tamriel_OutfitBase_06
010B11D6	030B11D6	BlancheMastien	Blanche Mastien	OUTFITS_TO_CHOOSE	00SI_Tamriel_OutfitBase_03
010BB9CB	030BB9CB	Nerussa	Nerussa	OUTFITS_TO_CHOOSE	00SI_Tamriel_OutfitBase_08
010BE330	030BE330	Courier1	Courier	OUTFITS_TO_CHOOSE	00SI_Tamriel_OutfitBase_06
010BE33D	030BE33D	Courier2	Courier	OUTFITS_TO_CHOOSE	00SI_Tamriel_OutfitBase_05
010BE340	030BE340	Courier3	Courier	OUTFITS_TO_CHOOSE	00SI_Tamriel_OutfitBase_04
010BE341	030BE341	Courier4	Courier	OUTFITS_TO_CHOOSE	00SI_Tamriel_OutfitBase_04
010C526B	030C526B	MQ15MythicDawnACave02	Ascended Immortal	OUTFITS_TO_CHOOSE	00SI_Tamriel_OutfitBase_04
010C769D	030C769D	MG08Necromancer1	Necromancer	OUTFITS_TO_CHOOSE	00SI_Tamriel_OutfitBase_07
010CD302	030CD302	lyndacartertest	Lynda Carter	OUTFITS_TO_CHOOSE	00SI_Tamriel_OutfitBase_07
0114683D	0314683D	ArenaICYellowTeamChampion	Yellow Team Champion	OUTFITS_TO_CHOOSE	00SI_Tamriel_OutfitBase_07
0114C466	0314C466	TG11MothPriestFemale01	Blind Moth Priest	OUTFITS_TO_CHOOSE	00SI_Tamriel_OutfitBase_08
0114C467	0314C467	TG11MothPriestFemale02	Blind Moth Priest	OUTFITS_TO_CHOOSE	00SI_Tamriel_OutfitBase_03
0114C46F	0314C46F	TG11MothPriestBossFemale01	Blind Moth Prelate	OUTFITS_TO_CHOOSE	00SI_Tamriel_OutfitBase_07
0114C715	0314C715	EvangelineBeanique	Evangeline Beanique	OUTFITS_TO_CHOOSE	00SI_Tamriel_OutfitBase_06
01165CA4	03165CA4	TESTHighElf	Mannimarco	OUTFITS_TO_CHOOSE	00SI_Tamriel_OutfitBase_06
01177A2B	03177A2B	Sjirra	S'jirra	OUTFITS_TO_CHOOSE	00SI_Tamriel_OutfitBase_04
0117C465	0317C465	TG11MothPriestPrivateWanderer	Blind Moth Priest	OUTFITS_TO_CHOOSE	00SI_Tamriel_OutfitBase_02
01185378	03185378	RaelynntheGravefinder	Raelynn the Gravefinder	OUTFITS_TO_CHOOSE	00SI_Tamriel_OutfitBase_08
01185FE5	03185FE5	MaevatheBuxom	Maeva the Buxom	OUTFITS_TO_CHOOSE	00SI_Tamriel_OutfitBase_05
0118AD70	0318AD70	LenkaValus	Lenka Valus	OUTFITS_TO_CHOOSE	00SI_Tamriel_OutfitBase_04
