SOURCE_FORMID	PATCH_FORMID	EDITORID	NAME	RACE	SEX	TINI	TINC	TINV	QNAM_WAS	QNAM_NOW	MAX_DELTA_255
020166C9	040166C9	ANQSQ09MadukLairBandit02	Bandit	ArgonianRace	M	38	101,56,33	80	106,70,51	106,70,51	0
020105EE	040105EE	ANQDUNDuneGuardPostDay03	Dune Guard	KhajiitRace	M	1	189,124,58	80	176,124,71	176,124,71	0
02049FC8	04049FC8	ANQCORCorinthePalaceGuardPostDay04	Corinthe Palace Guard	ImperialRace	M	1	187,117,75	80	175,119,85	175,119,85	0
02049FCA	04049FCA	ANQCORHuleeya	Huleeya	ArgonianRace	M	38	101,56,33	80	106,70,51	106,70,51	0
0204A854	0404A854	ANQCORJobasha	Jobasha	KhajiitRace	M	1	189,124,58	80	176,124,71	176,124,71	0
020105EF	040105EF	ANQDUNDuneGuardPostNight03	Dune Guard	KhajiitRace	F	4	184,131,76	80	172,130,86	172,130,86	0
0204A859	0404A859	ANQCORImperialLegionSoldier01	Imperial Legion Soldier	ImperialRace	M	1	187,117,75	80	175,119,85	175,119,85	0
0204A85B	0404A85B	ANQCORImperialLegionSoldier02	Imperial Legion Soldier	ImperialRace	F	13	182,112,70	80	171,115,81	171,115,81	0
0204B09C	0404B09C	ANQCORPsharZdastari	P'shar Z'dastari	ImperialRace	F	13	182,112,70	80	171,115,81	171,115,81	0
0204B1C6	0404B1C6	ANQBRKDeadSquishy	Dead Squishy	ImperialRace	M	1	187,117,75	80	175,119,85	175,119,85	0
02017481	04017481	ANQTRBRenrijraKrinAgent01	Renrijra Krin Agent	KhajiitRace	M	1	189,124,58	80	176,124,71	176,124,71	0
0201F509	0401F509	ANQRHJoFaraq	Jo'Faraq	ImperialRace	M	1	187,117,75	80	175,119,85	175,119,85	0
0204BA69	0404BA69	ANQBRKDeadTickles	Tickles	ImperialRace	F	13	182,112,70	80	171,115,81	171,115,81	0
0201F877	0401F877	ANQRHRiverholdGuardPostDay02	Riverhold Guard	ImperialRace	M	1	187,117,75	80	175,119,85	175,119,85	0
02044172	04044172	ANQORCSlobbyGabsak	Slobby Gabsak	OrcRace	M	1	103,111,45	80	107,114,61	107,114,61	0
0201F878	0401F878	ANQRHRiverholdGuardPostNight02	Riverhold Guard	ImperialRace	M	1	187,117,75	80	175,119,85	175,119,85	0
02048B67	04048B67	ANQORCChewsOnRats	Chews-On-Rats	ArgonianRace	M	38	101,56,33	80	106,70,51	106,70,51	0
0201F87F	0401F87F	ANQRHRiverholdGuardPostDay03	Riverhold Guard	ImperialRace	F	13	182,112,70	80	171,115,81	171,115,81	0
02057F09	04057F09	ANQRHAzkhanTribesman01	Azkhan Tribesman	ImperialRace	M	1	187,117,75	80	175,119,85	175,119,85	0
0204CBF8	0404CBF8	ANQCORHaskara	Haskara	ImperialRace	F	13	182,112,70	80	171,115,81	171,115,81	0
020B4B38	040B4B38	ANQDUNSlagydaGromph	Slagada Gromph	OrcRace	F	13	100,108,44	80	105,111,60	105,111,60	0
020B5C3D	040B5C3D	ANQDUNJodasma	Jo'dasma	ImperialRace	F	13	182,112,70	80	171,115,81	171,115,81	0
020B5C46	040B5C46	ANQDUNVajirr	Vajirr	ImperialRace	M	1	187,117,75	80	175,119,85	175,119,85	0
020B5C4F	040B5C4F	ANQDUNFatama	Fatama	ImperialRace	F	13	182,112,70	80	171,115,81	171,115,81	0
020B6F24	040B6F24	ANQDUNHenriRoudeau	Henri Roudeau	BretonRace	M	2	225,161,115	80	205,154,117	205,154,117	0
020B6F2C	040B6F2C	ANQDUNCalenoora	Calenoora	HighElfRace	F	24	208,176,73	80	191,166,83	191,166,83	0
020B9294	040B9294	ANQDUNJagan	Jagan	RedguardRace	M	1	119,56,30	80	120,70,49	120,70,49	0
0204CBFD	0404CBFD	ANQCORDarothoHlenas	Darotho Hlenas	DarkElfRace	M	1	89,88,83	80	96,95,91	96,95,91	0
0208811E	0408811E	ANQSQ05ValenwoodScoutCaptain01	Valenwood Scout Captain	WoodElfRace	F	24	194,131,97	80	180,130,103	180,130,103	0
020588A6	040588A6	ANQORCOrcrestArcherOrcF03	Orcrest Archer	OrcRace	F	13	100,108,44	80	105,111,60	105,111,60	0
02088120	04088120	ANQSQ05ValenwoodScout01	Valenwood Scout	WoodElfRace	M	1	199,135,102	80	184,133,107	184,133,107	0
020588D2	040588D2	ANQORCOrcrestSoldierOrcM01	Orcrest Soldier	OrcRace	M	1	103,111,45	80	107,114,61	107,114,61	0
02088122	04088122	ANQSQ05ValenwoodScout02	Valenwood Scout	WoodElfRace	M	1	199,135,102	80	184,133,107	184,133,107	0
020588E7	040588E7	ANQORCOrcrestSoldierOrcM02	Orcrest Soldier	OrcRace	M	1	103,111,45	80	107,114,61	107,114,61	0
020BDFEC	040BDFEC	ANQDUNYarna	Yarna	ImperialRace	F	13	182,112,70	80	171,115,81	171,115,81	0
020588EA	040588EA	ANQORCOrcrestSoldierKhajiitM01	Orcrest Soldier	KhajiitRace	M	1	189,124,58	80	176,124,71	176,124,71	0
020588EC	040588EC	ANQORCOrcrestSoldierKhajiitF01	Orcrest Soldier	ImperialRace	F	13	182,112,70	80	171,115,81	171,115,81	0
020588F1	040588F1	ANQORCOrcrestSoldierOrcF01	Orcrest Soldier	OrcRace	F	13	100,108,44	80	105,111,60	105,111,60	0
020593AE	040593AE	ANQORCOrcrestSoldierKhajiitM02	Orcrest Soldier	KhajiitRace	M	1	189,124,58	80	176,124,71	176,124,71	0
020593B1	040593B1	ANQORCOrcrestSoldierOrcM03	Orcrest Soldier	OrcRace	M	1	103,111,45	80	107,114,61	107,114,61	0
020593B4	040593B4	ANQORCOrcrestSoldierOrcM04	Orcrest Soldier	OrcRace	M	1	103,111,45	80	107,114,61	107,114,61	0
020593BA	040593BA	ANQORCOrcrestSoldierOrcM05	Orcrest Soldier	OrcRace	M	1	103,111,45	80	107,114,61	107,114,61	0
020593C4	040593C4	ANQORCOrcrestArcherKhajiitF01	Orcrest Archer	KhajiitRace	F	4	184,131,76	80	172,130,86	172,130,86	0
02088125	04088125	ANQSQ05ValenwoodScout03	Valenwood Scout	WoodElfRace	F	24	194,131,97	80	180,130,103	180,130,103	0
02057F0A	04057F0A	ANQRHAzkhanTribeswoman01	Azkhan Tribeswoman	KhajiitRace	F	4	184,131,76	80	172,130,86	172,130,86	0
0208812F	0408812F	ANQTRBGbujewaClanMother	Gbujewa Clan Mother	ImperialRace	F	13	182,112,70	80	171,115,81	171,115,81	0
02088130	04088130	ANQTRBGbujewaTribesman01	Gbujewa Warrior	KhajiitRace	M	1	189,124,58	80	176,124,71	176,124,71	0
02088131	04088131	ANQTRBGbujewaTribesman02	Gbujewa Warrior	ImperialRace	M	1	187,117,75	80	175,119,85	175,119,85	0
02088132	04088132	ANQTRBGbujewaTribesman03	Gbujewa Warrior	ImperialRace	M	1	187,117,75	80	175,119,85	175,119,85	0
02088133	04088133	ANQTRBGbujewaTribeswoman01	Gbujewa Tribeswoman	ImperialRace	F	13	182,112,70	80	171,115,81	171,115,81	0
0201C004	0401C004	ANQORCLaphkaGraLag	Laphka gra-Lag	OrcRace	F	13	100,108,44	80	105,111,60	105,111,60	0
0201C005	0401C005	ANQORCNamaSan	Nama San	RedguardRace	F	23	114,52,24	80	116,67,44	116,67,44	0
0201C006	0401C006	ANQORCDeveryPaurel	Devery Paurel	BretonRace	M	2	225,161,115	80	205,154,117	205,154,117	0
0201C007	0401C007	ANQORCSunleyil	Sunleyil	HighElfRace	M	1	213,180,78	80	195,169,87	195,169,87	0
0201C008	0401C008	ANQORCAvonisSari	Avonis Sari	DarkElfRace	M	1	89,88,83	80	96,95,91	96,95,91	0
0201C009	0401C009	ANQORCThodradil	Thodradil	WoodElfRace	M	1	199,135,102	80	184,133,107	184,133,107	0
0201C00A	0401C00A	ANQORCKoffuttoGroLag	Koffutto gro-Lag	OrcRace	M	1	103,111,45	80	107,114,61	107,114,61	0
0201C00B	0401C00B	ANQORCSlaabuGroOghdum	Slaabu gro-Oghdum	OrcRace	M	1	103,111,45	80	107,114,61	107,114,61	0
0201C00C	0401C00C	ANQORCChibasi	Chibasi	KhajiitRace	M	1	189,124,58	80	176,124,71	176,124,71	0
0201C00D	0401C00D	ANQORCDroZhid	Dro'Zhid	ImperialRace	M	1	187,117,75	80	175,119,85	175,119,85	0
0201C022	0401C022	ANQORCAlicyaWhitelock	Alicya Whitelock	NordRace	F	24	230,155,134	80	209,149,132	209,149,132	0
02088134	04088134	ANQTRBGbujewaTribeswoman02	Gbujewa Tribeswoman	KhajiitRace	F	4	184,131,76	80	172,130,86	172,130,86	0
02088135	04088135	ANQTRBGbujewaTribeswoman03	Gbujewa Tribeswoman	ImperialRace	F	13	182,112,70	80	171,115,81	171,115,81	0
0202DF85	0402DF85	ANQRHInghajiTribesman01	Inghaji Tribesman	KhajiitRace	M	1	189,124,58	80	176,124,71	176,124,71	0
02088B16	04088B16	ANQHG05DeadKhajiit	Dead Khajiit	KhajiitRace	F	4	184,131,76	80	172,130,86	172,130,86	0
0202DF86	0402DF86	ANQRHInghajiTribeswoman01	Inghaji Tribeswoman	KhajiitRace	F	4	184,131,76	80	172,130,86	172,130,86	0
0202DF89	0402DF89	ANQRHVeleucia	Veleucia	ImperialRace	F	13	182,112,70	80	171,115,81	171,115,81	0
0208B55A	0408B55A	ANQTRVTravellerM01	Traveller	RedguardRace	M	1	119,56,30	80	120,70,49	120,70,49	0
0208B55B	0408B55B	ANQTRVTravellerM02	Traveller	ImperialRace	M	1	187,117,75	80	175,119,85	175,119,85	0
0208B55C	0408B55C	ANQTRVTravellerM03	Traveller	KhajiitRace	M	1	189,124,58	80	176,124,71	176,124,71	0
0208B55D	0408B55D	ANQTRVPilgrimF01	Pilgrim	ImperialRace	F	13	182,112,70	80	171,115,81	171,115,81	0
0208B55E	0408B55E	ANQTRVPilgrimM01	Pilgrim	ImperialRace	M	1	187,117,75	80	175,119,85	175,119,85	0
0208B55F	0408B55F	ANQTRVPilgrimM02	Pilgrim	OrcRace	M	1	103,111,45	80	107,114,61	107,114,61	0
0202DF8C	0402DF8C	ANQRHDagokgroMolth	Dagok gro-Molth	OrcRace	M	1	103,111,45	80	107,114,61	107,114,61	0
0208B561	0408B561	ANQTRVMadProphetM01	Mad Doom Prophet	ImperialRace	M	1	187,117,75	80	175,119,85	175,119,85	0
020C56D7	040C56D7	ANQDUNTochka	Tochka	RedguardRace	F	23	114,52,24	80	116,67,44	116,67,44	0
0208B562	0408B562	ANQTRVMadProphetM02	Mad Doom Prophet	KhajiitRace	M	1	189,124,58	80	176,124,71	176,124,71	0
020C56DE	040C56DE	ANQDUNRdozi	R'dozi	KhajiitRace	M	1	189,124,58	80	176,124,71	176,124,71	0
0208B565	0408B565	ANQTRVHarvesterF01	Harvester	KhajiitRace	F	4	184,131,76	80	172,130,86	172,130,86	0
0208B567	0408B567	ANQTRVHarvesterF02	Harvester	ImperialRace	F	13	182,112,70	80	171,115,81	171,115,81	0
0208B568	0408B568	ANQTRVHarvesterF03	Harvester	ImperialRace	F	13	182,112,70	80	171,115,81	171,115,81	0
0208B569	0408B569	ANQTRVOldHagF01	Old Hag	ImperialRace	F	13	182,112,70	80	171,115,81	171,115,81	0
0208B56A	0408B56A	ANQTRVGoatherdM01	Goatherd	KhajiitRace	M	1	189,124,58	80	176,124,71	176,124,71	0
0208B56B	0408B56B	ANQTRVGoatherdM02	Goatherd	ImperialRace	M	1	187,117,75	80	175,119,85	175,119,85	0
0208B56C	0408B56C	ANQTRVGoatherdM03	Goatherd	KhajiitRace	M	1	189,124,58	80	176,124,71	176,124,71	0
0208B56D	0408B56D	ANQTRVTravellerF01	Traveller	BretonRace	F	16	220,156,109	80	201,150,112	201,150,112	0
0208B56E	0408B56E	ANQTRVImperialLegionSoldier01	Imperial Legion Soldier	ImperialRace	M	1	187,117,75	80	175,119,85	175,119,85	0
0208B56F	0408B56F	ANQTRVImperialLegionSoldier02	Imperial Legion Soldier	RedguardRace	M	1	119,56,30	80	120,70,49	120,70,49	0
020CC992	040CC992	ANQDUNGreenFootman01	Dune Soldier	KhajiitRace	M	1	189,124,58	80	176,124,71	176,124,71	0
020CC993	040CC993	ANQDUNRedFootman01	Dune Soldier	KhajiitRace	M	1	189,124,58	80	176,124,71	176,124,71	0
0208B570	0408B570	ANQTRVPeddlerM01	Peddler	ImperialRace	M	1	187,117,75	80	175,119,85	175,119,85	0
020CC9C1	040CC9C1	ANQDUNGreenBowman01	Dune Soldier	KhajiitRace	F	4	184,131,76	80	172,130,86	172,130,86	0
020CC9C2	040CC9C2	ANQDUNRedBowman01	Dune Soldier	KhajiitRace	F	4	184,131,76	80	172,130,86	172,130,86	0
020CD22E	040CD22E	ANQDUNGreenFootman02	Dune Soldier	KhajiitRace	M	1	189,124,58	80	176,124,71	176,124,71	0
020CD22F	040CD22F	ANQDUNGreenFootman03	Dune Soldier	ImperialRace	M	1	187,117,75	80	175,119,85	175,119,85	0
020CD230	040CD230	ANQDUNGreenFootman04	Dune Soldier	ImperialRace	M	1	187,117,75	80	175,119,85	175,119,85	0
020CD231	040CD231	ANQDUNGreenFootman05	Dune Soldier	ImperialRace	M	1	187,117,75	80	175,119,85	175,119,85	0
020CD232	040CD232	ANQDUNGreenBowman02	Dune Soldier	KhajiitRace	F	4	184,131,76	80	172,130,86	172,130,86	0
020CD233	040CD233	ANQDUNGreenBowman03	Dune Soldier	ImperialRace	F	13	182,112,70	80	171,115,81	171,115,81	0
020CD234	040CD234	ANQDUNGreenBowman04	Dune Soldier	ImperialRace	F	13	182,112,70	80	171,115,81	171,115,81	0
020CD235	040CD235	ANQDUNRedBowman02	Dune Soldier	KhajiitRace	F	4	184,131,76	80	172,130,86	172,130,86	0
020CD236	040CD236	ANQDUNRedBowman03	Dune Soldier	ImperialRace	F	13	182,112,70	80	171,115,81	171,115,81	0
020CD237	040CD237	ANQDUNRedBowman04	Dune Soldier	ImperialRace	F	13	182,112,70	80	171,115,81	171,115,81	0
020CD238	040CD238	ANQDUNRedFootman02	Dune Soldier	KhajiitRace	M	1	189,124,58	80	176,124,71	176,124,71	0
020CD239	040CD239	ANQDUNRedFootman03	Dune Soldier	ImperialRace	M	1	187,117,75	80	175,119,85	175,119,85	0
020CD23A	040CD23A	ANQDUNRedFootman04	Dune Soldier	ImperialRace	M	1	187,117,75	80	175,119,85	175,119,85	0
020CD23B	040CD23B	ANQDUNRedFootman05	Dune Soldier	ImperialRace	M	1	187,117,75	80	175,119,85	175,119,85	0
0208B571	0408B571	ANQTRVPeddlerF01	Peddler	ImperialRace	F	13	182,112,70	80	171,115,81	171,115,81	0
0201F880	0401F880	ANQRHRiverholdGuardPostNight03	Riverhold Guard	KhajiitRace	F	4	184,131,76	80	172,130,86	172,130,86	0
020206F3	040206F3	ANQRHRiverholdGuardPatrolDay01	Riverhold Guard	ImperialRace	M	1	187,117,75	80	175,119,85	175,119,85	0
0203136E	0403136E	ANQORCBrotherLapeo	Brother Lapeo	ImperialRace	M	1	187,117,75	80	175,119,85	175,119,85	0
0204ED7A	0404ED7A	ANQCORTynemwe	Tynemwe	HighElfRace	F	24	208,176,73	80	191,166,83	191,166,83	0
0200C44D	0400C44D	ANQTRBDgazahbaTribesman01	Dgazahba Warrior	KhajiitRace	M	1	189,124,58	80	176,124,71	176,124,71	0
0202E666	0402E666	ANQRHHdiji	H'diji the Doorman	KhajiitRace	M	1	189,124,58	80	176,124,71	176,124,71	0
0208C62D	0408C62D	ANQTRVMinerM01	Miner	KhajiitRace	M	1	189,124,58	80	176,124,71	176,124,71	0
0208C62E	0408C62E	ANQTRVMinerM02	Miner	ImperialRace	M	1	187,117,75	80	175,119,85	175,119,85	0
0202E66A	0402E66A	ANQRHTchala	T'chala the Songstress	ImperialRace	F	13	182,112,70	80	171,115,81	171,115,81	0
0202E66C	0402E66C	ANQRHPsharRmalakirr	P'shar R'malakirr	KhajiitRace	M	1	189,124,58	80	176,124,71	176,124,71	0
0204F61F	0404F61F	ANQCORCommerceOfficeGuard	Commerce Office Guard	ImperialRace	M	1	187,117,75	80	175,119,85	175,119,85	0
020206F4	040206F4	ANQRHRiverholdGuardPatrolNight01	Riverhold Guard	KhajiitRace	M	1	189,124,58	80	176,124,71	176,124,71	0
02020FC4	04020FC4	ANQBRKRarassa	Rarassa the Goatkeep	ImperialRace	M	1	187,117,75	80	175,119,85	175,119,85	0
020228A1	040228A1	ANQBRKZahraji	Zahraji	ImperialRace	M	1	187,117,75	80	175,119,85	175,119,85	0
020228AB	040228AB	ANQBRKLutasma	Lutasma	ImperialRace	F	13	182,112,70	80	171,115,81	171,115,81	0
0202E670	0402E670	ANQRHToran	Toran	BretonRace	M	2	225,161,115	80	205,154,117	205,154,117	0
0202ED46	0402ED46	ANQRHLomasa	Lomasa	ImperialRace	F	13	182,112,70	80	171,115,81	171,115,81	0
020AE4B6	040AE4B6	ANQCORCorinthePalaceGuardZdastari	Corinthe Palace Guard	ImperialRace	M	1	187,117,75	80	175,119,85	175,119,85	0
02024927	04024927	ANQDNCEatsFishEyes	Eats-Fish-Eyes	ArgonianRace	M	38	101,56,33	80	106,70,51	106,70,51	0
02046E44	04046E44	ANQCORPsharDroMalakad	P'shar Dro'Malakad	ImperialRace	M	1	187,117,75	80	175,119,85	175,119,85	0
020478DC	040478DC	ANQCORCorinthePalaceGuardAbtanjana	Corinthe Palace Guard	KhajiitRace	M	1	189,124,58	80	176,124,71	176,124,71	0
02020A5F	04020A5F	ANQRHDeadKhajiit	Dead Khajiit	KhajiitRace	M	1	189,124,58	80	176,124,71	176,124,71	0
0202492E	0402492E	ANQORCDancesInSand	Dances-In-Sand	ArgonianRace	M	38	101,56,33	80	106,70,51	106,70,51	0
02097ED8	04097ED8	ANQORCOrcrestArcherOrcF01	Orcrest Archer	OrcRace	F	13	100,108,44	80	105,111,60	105,111,60	0
02097EDA	04097EDA	ANQORCOrcrestArcherOrcF02	Orcrest Archer	OrcRace	F	13	100,108,44	80	105,111,60	105,111,60	0
02099070	04099070	ANQSQ02BhorlarzAvenger01	Ubal gro-Yambak	OrcRace	M	1	103,111,45	80	107,114,61	107,114,61	0
0203884E	0403884E	ANQSQ11Moshi	Moshi	ImperialRace	M	1	187,117,75	80	175,119,85	175,119,85	0
02099071	04099071	ANQSQ02BhorlarzAvenger02	Ugarka dra-Labag	OrcRace	F	13	100,108,44	80	105,111,60	105,111,60	0
02099076	04099076	ANQORCFalargadraSharka	Falarga dra-Sharka	OrcRace	F	13	100,108,44	80	105,111,60	105,111,60	0
020522CF	040522CF	ANQCORQuaji	Quaji	ImperialRace	M	1	187,117,75	80	175,119,85	175,119,85	0
02025417	04025417	ANQDNCHadutsei	Hadutsei	ArgonianRace	F	16	81,64,40	80	90,76,57	90,76,57	0
02025419	04025419	ANQDNCTaRaazi	Ta'Raazi	KhajiitRace	M	1	189,124,58	80	176,124,71	176,124,71	0
02057670	04057670	ANQCORPulliaSybatis	Pullia Sybatis	ImperialRace	F	13	182,112,70	80	171,115,81	171,115,81	0
02057673	04057673	ANQCORYsamirr	Y'samirr	ImperialRace	M	1	187,117,75	80	175,119,85	175,119,85	0
02057ECD	04057ECD	ANQCORMatasmar	Matasmar	KhajiitRace	M	1	189,124,58	80	176,124,71	176,124,71	0
0202FB02	0402FB02	ANQRHYahsi	Yahsi the Barkeep	ImperialRace	M	1	187,117,75	80	175,119,85	175,119,85	0
02011616	04011616	ANQORCBrokumSharzog	Brokum Sharzog	OrcRace	M	1	103,111,45	80	107,114,61	107,114,61	0
02011618	04011618	ANQORCRogda	Rogda the Witch	OrcRace	F	13	100,108,44	80	105,111,60	105,111,60	0
0201161C	0401161C	ANQORCZabobgroDorg	Zabob gro-Dorg	OrcRace	M	1	103,111,45	80	107,114,61	107,114,61	0
0201161E	0401161E	ANQORCMangySjar	Mangy Sjar	KhajiitRace	M	1	189,124,58	80	176,124,71	176,124,71	0
02011620	04011620	ANQORCFodon	Fodon the Tall	NordRace	M	1	235,159,140	80	213,152,137	213,152,137	0
020235B8	040235B8	ANQCORDungeonMadman01	Bosmer Madman	WoodElfRace	M	1	199,135,102	80	184,133,107	184,133,107	0
0201162C	0401162C	ANQORCEloineBrigette	Eloine Brigette	BretonRace	F	16	220,156,109	80	201,150,112	201,150,112	0
0203BC88	0403BC88	ANQDNCGretje	Gretje	NordRace	F	24	230,155,134	80	209,149,132	209,149,132	0
02024254	04024254	ANQCORDungeonCannibal02	Cannibal	ImperialRace	M	1	187,117,75	80	175,119,85	175,119,85	0
02024259	04024259	ANQCORDungeonCannibal01	Cannibal	ImperialRace	M	1	187,117,75	80	175,119,85	175,119,85	0
0202425D	0402425D	ANQCORDungeonCannibal03	Cannibal	ImperialRace	M	1	187,117,75	80	175,119,85	175,119,85	0
0205C0B7	0405C0B7	ANQCORShotherr	Shotherr	ImperialRace	M	1	187,117,75	80	175,119,85	175,119,85	0
0205C145	0405C145	ANQCORProphetKsharra	Prophet of K'sharra	ImperialRace	M	1	187,117,75	80	175,119,85	175,119,85	0
0201162F	0401162F	ANQORCVaenenDres	Vaenen Dres	DarkElfRace	F	24	84,84,78	80	92,92,87	92,92,87	0
02011635	04011635	ANQORCBugdala	Bugdala	OrcRace	F	13	100,108,44	80	105,111,60	105,111,60	0
02011638	04011638	ANQORCDornagraMorok	Dorna gra-Morok	OrcRace	F	13	100,108,44	80	105,111,60	105,111,60	0
020A2800	040A2800	ANQLGNVestiaLaurentia	Vestia Laurentia	ImperialRace	F	13	182,112,70	80	171,115,81	171,115,81	0
020A2804	040A2804	ANQLGNMarcusPaulinius	Marcus Paulinius	ImperialRace	M	1	187,117,75	80	175,119,85	175,119,85	0
0201163C	0401163C	ANQALBJelunuun	Jelunuun	ArgonianRace	M	38	101,56,33	80	106,70,51	106,70,51	0
02011640	04011640	ANQORCMensal	Mensal	RedguardRace	M	1	119,56,30	80	120,70,49	120,70,49	0
02011642	04011642	ANQORCNirasja	Nirasja	ImperialRace	F	13	182,112,70	80	171,115,81	171,115,81	0
02011651	04011651	ANQORCDulphoggroNaybek	Dulphog gro-Naybek	OrcRace	M	1	103,111,45	80	107,114,61	107,114,61	0
02011653	04011653	ANQORCSlave01	Khajiit Slavegirl	ImperialRace	F	13	182,112,70	80	171,115,81	171,115,81	0
020A741B	040A741B	ANQCORChaeVarseu	Chae-Varseu	ImperialRace	F	13	182,112,70	80	171,115,81	171,115,81	0
02011655	04011655	ANQORCSlave02	Khajiit Slave	KhajiitRace	M	1	189,124,58	80	176,124,71	176,124,71	0
020A848E	040A848E	ANQRHHnassa	H'nassa	ImperialRace	F	13	182,112,70	80	171,115,81	171,115,81	0
02011658	04011658	ANQORCSlave03	Khajiit Slavegirl	ImperialRace	F	13	182,112,70	80	171,115,81	171,115,81	0
0201165A	0401165A	ANQORCSlave04	Khajiit Slave	ImperialRace	M	1	187,117,75	80	175,119,85	175,119,85	0
0201165E	0401165E	ANQORCSlave05	Khajiit Slavegirl	KhajiitRace	F	4	184,131,76	80	172,130,86	172,130,86	0
020120C5	040120C5	ANQKNGHilde	Hilde the Fair	NordRace	F	24	230,155,134	80	209,149,132	209,149,132	0
02012A0B	04012A0B	ANQKNGBuccioNorbanus	Buccio Norbanus	ImperialRace	M	1	187,117,75	80	175,119,85	175,119,85	0
02030915	04030915	ANQCORDungeonSkullSwinger	Skull-Swinger	KhajiitRace	M	1	189,124,58	80	176,124,71	176,124,71	0
02012A11	04012A11	ANQKNGLyraNorbanus	Lyra Norbanus	ImperialRace	F	13	182,112,70	80	171,115,81	171,115,81	0
02012A13	04012A13	ANQKNGBahdzirr	Bahdzirr	ImperialRace	M	1	187,117,75	80	175,119,85	175,119,85	0
020A9E78	040A9E78	ANQLGNLegionSoldierSeaplace01	Imperial Legion Soldier	ImperialRace	M	1	187,117,75	80	175,119,85	175,119,85	0
020A9E79	040A9E79	ANQLGNLegionSoldierSeaplace02	Imperial Legion Soldier	ImperialRace	M	1	187,117,75	80	175,119,85	175,119,85	0
020A9E7A	040A9E7A	ANQLGNLegionSoldierSeaplace03	Imperial Legion Soldier	ImperialRace	M	1	187,117,75	80	175,119,85	175,119,85	0
0204F134	0404F134	ANQCORMaSrikah	Ma'Srikah	KhajiitRace	M	1	189,124,58	80	176,124,71	176,124,71	0
0204FADC	0404FADC	ANQCORCorinthePalaceGuardHall01	Corinthe Palace Guard	KhajiitRace	M	1	189,124,58	80	176,124,71	176,124,71	0
0204FAE2	0404FAE2	ANQCORCorinthePalaceGuardHall02	Corinthe Palace Guard	ImperialRace	M	1	187,117,75	80	175,119,85	175,119,85	0
0204FAEA	0404FAEA	ANQCORPsharRaSaqida	P'shar Ra'Saqida	KhajiitRace	M	1	189,124,58	80	176,124,71	176,124,71	0
020A9E7B	040A9E7B	ANQLGNLegionSoldierSeaplace04	Imperial Legion Soldier	ImperialRace	M	1	187,117,75	80	175,119,85	175,119,85	0
020A9E80	040A9E80	ANQLGNHirsidiusAllentus	Hirsidius Allentus	ImperialRace	M	1	187,117,75	80	175,119,85	175,119,85	0
020A9E82	040A9E82	ANQLGNRhabus	Rhabus Stablemaster	RedguardRace	M	1	119,56,30	80	120,70,49	120,70,49	0
0203FF62	0403FF62	ANQDUNZedelGwa	Zedel-Gwa	ArgonianRace	M	38	101,56,33	80	106,70,51	106,70,51	0
0203FF67	0403FF67	ANQDUNSabrusha	Sabrusha	ImperialRace	F	13	182,112,70	80	171,115,81	171,115,81	0
020541CD	040541CD	ANQCORAbradissi	Abradissi	ImperialRace	M	1	187,117,75	80	175,119,85	175,119,85	0
020A9E84	040A9E84	ANQLGNMuniciaBellisarius	Municia Bellisarius	ImperialRace	F	13	182,112,70	80	171,115,81	171,115,81	0
020428AD	040428AD	ANQCORArchmageKreion	Archmage Kreion	HighElfRace	M	1	213,180,78	80	195,169,87	195,169,87	0
0204311A	0404311A	ANQDUNAhdni	Ahdni	KhajiitRace	F	4	184,131,76	80	172,130,86	172,130,86	0
0204311D	0404311D	ANQDUNJDiwa	J'Diwa	KhajiitRace	M	1	189,124,58	80	176,124,71	176,124,71	0
02062BE9	04062BE9	ANQCORGlyciaFulgentius	Glycia Fulgentius	ImperialRace	F	13	182,112,70	80	171,115,81	171,115,81	0
02063CC0	04063CC0	ANQCORMeraendil	Meraendil	HighElfRace	F	24	208,176,73	80	191,166,83	191,166,83	0
02063CC1	04063CC1	ANQCORMaerendil	Maerendil	HighElfRace	M	1	213,180,78	80	195,169,87	195,169,87	0
02012A19	04012A19	ANQORCUbaashi	Ubaashi	ImperialRace	M	1	187,117,75	80	175,119,85	175,119,85	0
02043126	04043126	ANQDUNRiThibb	Ri'Thibb	ImperialRace	M	1	187,117,75	80	175,119,85	175,119,85	0
02020DEB	04020DEB	ANQRHRiverholdGuardPatrolDay02	Riverhold Guard	ImperialRace	F	13	182,112,70	80	171,115,81	171,115,81	0
02012A1E	04012A1E	ANQKNGShabkagraDulfum	Shabka gra-Dulfum	OrcRace	F	13	100,108,44	80	105,111,60	105,111,60	0
0206564D	0406564D	ANQCORBaroFulgentius	Baro Fulgentius	ImperialRace	M	1	187,117,75	80	175,119,85	175,119,85	0
02067817	04067817	ANQCOROldKharzu	Old Kharzu	ImperialRace	M	1	187,117,75	80	175,119,85	175,119,85	0
020324F4	040324F4	ANQRHRiverholdThug01	Renrijra Krin Runner	KhajiitRace	M	1	189,124,58	80	176,124,71	176,124,71	0
02017D06	04017D06	ANQALBSmasirri	Smasirri	ImperialRace	M	1	187,117,75	80	175,119,85	175,119,85	0
02017D08	04017D08	ANQALBLamsara	Lamsara	KhajiitRace	F	4	184,131,76	80	172,130,86	172,130,86	0
020677AD	040677AD	ANQTribalHunterM01ASuthayRaht	Tribal Hunter	KhajiitRace	M	1	189,124,58	80	176,124,71	176,124,71	0
020677B0	040677B0	ANQTribalHunterM01DSuthayRaht	Tribal Hunter	KhajiitRace	M	1	189,124,58	80	176,124,71	176,124,71	0
020677B1	040677B1	ANQTribalHunterF01ASuthayRaht	Tribal Hunter	KhajiitRace	F	4	184,131,76	80	172,130,86	172,130,86	0
020677B2	040677B2	ANQTribalHunterF01BSuthayRaht	Tribal Hunter	KhajiitRace	F	4	184,131,76	80	172,130,86	172,130,86	0
02045B0C	04045B0C	ANQCORSayadra	Sayadra	ImperialRace	F	13	182,112,70	80	171,115,81	171,115,81	0
02045B0D	04045B0D	ANQCORLorrieneTarelle	Lorriene Tarelle	BretonRace	F	16	220,156,109	80	201,150,112	201,150,112	0
02045B0E	04045B0E	ANQCORRaevusPalenix	Raevus Palenix	ImperialRace	M	1	187,117,75	80	175,119,85	175,119,85	0
020677B3	040677B3	ANQTribalHunterM02ASuthay	Tribal Hunter	ImperialRace	M	1	187,117,75	80	175,119,85	175,119,85	0
020464AC	040464AC	ANQCORDhajamuli	Dhajamuli	ImperialRace	M	1	187,117,75	80	175,119,85	175,119,85	0
020677B4	040677B4	ANQTribalHunterM02BSuthay	Tribal Hunter	ImperialRace	M	1	187,117,75	80	175,119,85	175,119,85	0
020677B5	040677B5	ANQTribalHunterF02ASuthay	Tribal Hunter	ImperialRace	F	13	182,112,70	80	171,115,81	171,115,81	0
020677B6	040677B6	ANQTribalHunterF02BSuthay	Tribal Hunter	ImperialRace	F	13	182,112,70	80	171,115,81	171,115,81	0
020AD91B	040AD91B	ANQWaiqtheLiar	W'aiq the Liar	KhajiitRace	M	1	189,124,58	80	176,124,71	176,124,71	0
020677B7	040677B7	ANQTribalHunterM03AOhmesRaht	Tribal Hunter	ImperialRace	M	1	187,117,75	80	175,119,85	175,119,85	0
020B0FF7	040B0FF7	ANQLGNLegionSoldierPost01	Imperial Legion Soldier	ImperialRace	M	1	187,117,75	80	175,119,85	175,119,85	0
020677B8	040677B8	ANQTribalHunterM03BOhmesRaht	Tribal Hunter	ImperialRace	M	1	187,117,75	80	175,119,85	175,119,85	0
020677B9	040677B9	ANQTribalHunterF03AOhmesRaht	Tribal Hunter	ImperialRace	F	13	182,112,70	80	171,115,81	171,115,81	0
020677BA	040677BA	ANQTribalHunterF03BOhmesRaht	Tribal Hunter	ImperialRace	F	13	182,112,70	80	171,115,81	171,115,81	0
0204A4EB	0404A4EB	ANQDUNZayiqCherim	Zayiq Cherim	ImperialRace	M	1	187,117,75	80	175,119,85	175,119,85	0
020677BB	040677BB	ANQTribalHunterM01BSuthayRaht	Tribal Hunter	KhajiitRace	M	1	189,124,58	80	176,124,71	176,124,71	0
0204B750	0404B750	ANQORCHorobok	Horobok Ox-Keeper	OrcRace	M	1	103,111,45	80	107,114,61	107,114,61	0
020677BC	040677BC	ANQTribalHunterM01CSuthayRaht	Tribal Hunter	KhajiitRace	M	1	189,124,58	80	176,124,71	176,124,71	0
020677BD	040677BD	ANQTribalHunterM02CSuthay	Tribal Hunter	ImperialRace	M	1	187,117,75	80	175,119,85	175,119,85	0
020677BE	040677BE	ANQTribalHunterM02DSuthay	Tribal Hunter	ImperialRace	M	1	187,117,75	80	175,119,85	175,119,85	0
02017D0E	04017D0E	ANQALBLamdumaji	Lamdumaji	ImperialRace	M	1	187,117,75	80	175,119,85	175,119,85	0
020324F8	040324F8	ANQRHRiverholdThug02	Renrijra Krin Runner	KhajiitRace	M	1	189,124,58	80	176,124,71	176,124,71	0
02017D12	04017D12	ANQALBHaerdica	Haerdica	RedguardRace	F	23	114,52,24	80	116,67,44	116,67,44	0
02069983	04069983	ANQTRBDgazahbaWarChief	Dgazahba War Chief	ImperialRace	M	1	187,117,75	80	175,119,85	175,119,85	0
0204E5C2	0404E5C2	ANQCORCorintheJailor	Corinthe Jailor	KhajiitRace	F	4	184,131,76	80	172,130,86	172,130,86	0
0204E5C7	0404E5C7	ANQRHRiverholdJailor	Riverhold Jailor	ImperialRace	M	1	187,117,75	80	175,119,85	175,119,85	0
0204E5D2	0404E5D2	ANQDUNCherimHallGuard	Cherim Hall Guard	KhajiitRace	M	1	189,124,58	80	176,124,71	176,124,71	0
02017D14	04017D14	ANQALBRaskiri	Raskiri	ImperialRace	M	1	187,117,75	80	175,119,85	175,119,85	0
02020DEC	04020DEC	ANQRHRiverholdGuardPatrolNight02	Riverhold Guard	ImperialRace	F	13	182,112,70	80	171,115,81	171,115,81	0
02051D31	04051D31	ANQDUNKiraskiri	Kiraskiri	ImperialRace	M	1	187,117,75	80	175,119,85	175,119,85	0
020214DE	040214DE	ANQRHRiverholdGuardPatrolDay03	Riverhold Guard	KhajiitRace	F	4	184,131,76	80	172,130,86	172,130,86	0
0203BC35	0403BC35	ANQRHTylaena	Tylaena	HighElfRace	F	24	208,176,73	80	191,166,83	191,166,83	0
0201179E	0401179E	ANQKNGKingsWalkGuardPostDay01	Caravanserie Guard	ImperialRace	M	1	187,117,75	80	175,119,85	175,119,85	0
0201179F	0401179F	ANQKNGKingsWalkGuardPostNight01	Caravanserie Guard	KhajiitRace	M	1	189,124,58	80	176,124,71	176,124,71	0
0203C30F	0403C30F	ANQRHRasavi	Ra'savi	KhajiitRace	M	1	189,124,58	80	176,124,71	176,124,71	0
0201FFF8	0401FFF8	ANQBanditHighwayman01	The Friendly Highwayman	ImperialRace	M	1	187,117,75	80	175,119,85	175,119,85	0
020214DF	040214DF	ANQRHRiverholdGuardPatrolNight03	Riverhold Guard	KhajiitRace	F	4	184,131,76	80	172,130,86	172,130,86	0
020208D1	040208D1	ANQSQ04DeadChild	Dead Boy	BretonRace	M	2	225,161,115	80	205,154,117	205,154,117	0
0204B6CD	0404B6CD	ANQRHQueenNaghea	Queen Naghea	KhajiitRace	F	4	184,131,76	80	172,130,86	172,130,86	0
0204BDA8	0404BDA8	ANQRHInghajiRoyalGuard01	Inghaji Royal Guard	KhajiitRace	M	1	189,124,58	80	176,124,71	176,124,71	0
02057F0B	04057F0B	ANQRHBenrick	Benrick	RedguardRace	M	1	119,56,30	80	120,70,49	120,70,49	0
02057F0C	04057F0C	ANQRHJliqa	J'liqa	ImperialRace	F	13	182,112,70	80	171,115,81	171,115,81	0
0202137D	0402137D	ANQDNCAlado	Alado	RedguardRace	M	1	119,56,30	80	120,70,49	120,70,49	0
02021381	04021381	ANQDNCDavrick	Davrick	RedguardRace	M	1	119,56,30	80	120,70,49	120,70,49	0
02021385	04021385	ANQMISCAgamanusPriest03	Priest of Agamanus	RedguardRace	M	1	119,56,30	80	120,70,49	120,70,49	0
02021389	04021389	ANQDNCMansaba	Mansaba	RedguardRace	F	23	114,52,24	80	116,67,44	116,67,44	0
0206C8AE	0406C8AE	ANQORCOrcrestJailor	Orcrest Jailor	OrcRace	M	1	103,111,45	80	107,114,61	107,114,61	0
0202138B	0402138B	ANQCORUbalama	Ubalama	RedguardRace	F	23	114,52,24	80	116,67,44	116,67,44	0
020010FA	040010FA	ANQBanditMeleeF2SuthayRaht	Bandit	KhajiitRace	F	4	184,131,76	80	172,130,86	172,130,86	0
020B4371	040B4371	ANQTARUdakhu	Udakhu	ImperialRace	M	1	187,117,75	80	175,119,85	175,119,85	0
020B4373	040B4373	ANQORCSaimaiq	Saimaiq	ImperialRace	M	1	187,117,75	80	175,119,85	175,119,85	0
0206E544	0406E544	ANQMCG01RedJazaska	Red Jazaska	ImperialRace	F	13	182,112,70	80	171,115,81	171,115,81	0
02054944	04054944	ANQORCOrcrestPalaceGuard01	Orcrest Palace Guard	OrcRace	M	1	103,111,45	80	107,114,61	107,114,61	0
02054945	04054945	ANQORCOrcrestPalaceGuard02	Orcrest Palace Guard	OrcRace	M	1	103,111,45	80	107,114,61	107,114,61	0
02054946	04054946	ANQORCOrcrestPalaceGuard03	Orcrest Palace Guard	OrcRace	M	1	103,111,45	80	107,114,61	107,114,61	0
02054947	04054947	ANQORCOrcrestPalaceGuard04	Orcrest Palace Guard	OrcRace	M	1	103,111,45	80	107,114,61	107,114,61	0
020551C3	040551C3	ANQORCGrandVizierMaZahn	Grand Vizier Ma'Zahn	ImperialRace	M	1	187,117,75	80	175,119,85	175,119,85	0
020551C5	040551C5	ANQORCJJirra	J'Jirra	KhajiitRace	F	4	184,131,76	80	172,130,86	172,130,86	0
020551C9	040551C9	ANQORCHakshala	Hakshala	OrcRace	F	13	100,108,44	80	105,111,60	105,111,60	0
020551CC	040551CC	ANQORCHergdolg	Hergdolg	OrcRace	M	1	103,111,45	80	107,114,61	107,114,61	0
020551CF	040551CF	ANQORCJMada	J'Mada	ImperialRace	M	1	187,117,75	80	175,119,85	175,119,85	0
020010FB	040010FB	ANQBanditMeleeF3AOrc	Bandit	OrcRace	F	13	100,108,44	80	105,111,60	105,111,60	0
020B5C99	040B5C99	ANQLGNQuartermasterHabius	Quartermaster Habius	ImperialRace	M	1	187,117,75	80	175,119,85	175,119,85	0
020B5D93	040B5D93	ANQLGNLegionSoldierPost02	Imperial Legion Soldier	ImperialRace	M	1	187,117,75	80	175,119,85	175,119,85	0
020B5D94	040B5D94	ANQLGNLegionSoldierPost03	Imperial Legion Soldier	ImperialRace	F	13	182,112,70	80	171,115,81	171,115,81	0
020B5D98	040B5D98	ANQLGNLegionSoldierRiverkeep01	Imperial Legion Soldier	ImperialRace	M	1	187,117,75	80	175,119,85	175,119,85	0
020B5D9D	040B5D9D	ANQLGNLegionSoldierRiverkeep02	Imperial Legion Soldier	ImperialRace	M	1	187,117,75	80	175,119,85	175,119,85	0
020B5D9F	040B5D9F	ANQLGNLegionSoldierRiverkeep03	Imperial Legion Soldier	ImperialRace	F	13	182,112,70	80	171,115,81	171,115,81	0
020B5DA1	040B5DA1	ANQLGNQuartermasterJosidus	Quartermaster Josidus	ImperialRace	M	1	187,117,75	80	175,119,85	175,119,85	0
020010FC	040010FC	ANQBanditMeleeF3BRedguard	Bandit	RedguardRace	F	23	114,52,24	80	116,67,44	116,67,44	0
0205AE0E	0405AE0E	ANQCORDungeonPrisonerBandit01M	Prisoner	KhajiitRace	M	1	189,124,58	80	176,124,71	176,124,71	0
0205AE0F	0405AE0F	ANQCORDungeonPrisonerBandit05M	Prisoner	RedguardRace	M	1	119,56,30	80	120,70,49	120,70,49	0
0205AE10	0405AE10	ANQCORDungeonPrisonerBandit01F	Prisoner	KhajiitRace	F	4	184,131,76	80	172,130,86	172,130,86	0
0205AE11	0405AE11	ANQCORDungeonPrisonerBandit02M	Prisoner	KhajiitRace	M	1	189,124,58	80	176,124,71	176,124,71	0
0205AE12	0405AE12	ANQCORDungeonPrisonerBandit03M	Prisoner	ImperialRace	M	1	187,117,75	80	175,119,85	175,119,85	0
0205AE13	0405AE13	ANQCORDungeonPrisonerBandit04M	Prisoner	ImperialRace	M	1	187,117,75	80	175,119,85	175,119,85	0
0205AE14	0405AE14	ANQCORDungeonPrisonerBandit06M	Prisoner	ArgonianRace	M	38	101,56,33	80	106,70,51	106,70,51	0
0205AE15	0405AE15	ANQCORDungeonPrisonerMarauder01M	Prisoner	KhajiitRace	M	1	189,124,58	80	176,124,71	176,124,71	0
0205AE16	0405AE16	ANQCORDungeonPrisonerMarauder03M	Prisoner	OrcRace	M	1	103,111,45	80	107,114,61	107,114,61	0
0205AE17	0405AE17	ANQCORDungeonPrisonerMarauder02M	Prisoner	ImperialRace	M	1	187,117,75	80	175,119,85	175,119,85	0
0205AE18	0405AE18	ANQCORDungeonPrisonerMarauder04M	Prisoner	DarkElfRace	M	1	89,88,83	80	96,95,91	96,95,91	0
020010FD	040010FD	ANQBanditMeleeF4ASuthayRaht	Bandit	KhajiitRace	F	4	184,131,76	80	172,130,86	172,130,86	0
020010FE	040010FE	ANQBanditMeleeF4BImperial	Bandit	ImperialRace	F	13	182,112,70	80	171,115,81	171,115,81	0
020010FF	040010FF	ANQBanditMeleeM2SuthayRaht	Bandit	KhajiitRace	M	1	189,124,58	80	176,124,71	176,124,71	0
02001100	04001100	ANQBanditMeleeM3AOrc	Bandit	OrcRace	M	1	103,111,45	80	107,114,61	107,114,61	0
0205C251	0405C251	ANQCORDungeonBahdpura	Bahdpura	ImperialRace	M	1	187,117,75	80	175,119,85	175,119,85	0
02001101	04001101	ANQBanditMeleeM3BRedguard	Bandit	RedguardRace	M	1	119,56,30	80	120,70,49	120,70,49	0
02060FF2	04060FF2	ANQCORDungeonGwatul	Gwatul	ArgonianRace	M	38	101,56,33	80	106,70,51	106,70,51	0
02060FF8	04060FF8	ANQCORDungeonTyss	Tyss	NordRace	M	1	235,159,140	80	213,152,137	213,152,137	0
02001102	04001102	ANQBanditMeleeM4ASuthay	Bandit	ImperialRace	M	1	187,117,75	80	175,119,85	175,119,85	0
02001103	04001103	ANQBanditMeleeM4BImperial	Bandit	ImperialRace	M	1	187,117,75	80	175,119,85	175,119,85	0
02001108	04001108	ANQBanditMissileF2Ohmes	Bandit Bowman	ImperialRace	F	13	182,112,70	80	171,115,81	171,115,81	0
02001109	04001109	ANQBanditMissileF3AOhmesRaht	Bandit Bowman	ImperialRace	F	13	182,112,70	80	171,115,81	171,115,81	0
0200110C	0400110C	ANQBanditMissileF3BSuthay	Bandit Bowman	ImperialRace	F	13	182,112,70	80	171,115,81	171,115,81	0
0200110E	0400110E	ANQBanditMissileF4AOhmes	Bandit Bowman	ImperialRace	F	13	182,112,70	80	171,115,81	171,115,81	0
02001110	04001110	ANQBanditMissileM2Ohmes	Bandit Bowman	ImperialRace	M	1	187,117,75	80	175,119,85	175,119,85	0
02001111	04001111	ANQBanditMissileM3AOhmesRaht	Bandit Bowman	ImperialRace	M	1	187,117,75	80	175,119,85	175,119,85	0
02001114	04001114	ANQBanditMissileM3BSuthay	Bandit Bowman	ImperialRace	M	1	187,117,75	80	175,119,85	175,119,85	0
02001117	04001117	ANQBanditMissileM4AOhmes	Bandit Bowman	ImperialRace	M	1	187,117,75	80	175,119,85	175,119,85	0
02051D9D	04051D9D	ANQRHRhadmani	Lampkeeper Rhadmani	ImperialRace	M	1	187,117,75	80	175,119,85	175,119,85	0
02051D9F	04051D9F	ANQRHDgazahbiTribeswoman01	Dgazahbi Tribeswoman	ImperialRace	F	13	182,112,70	80	171,115,81	171,115,81	0
02057F0D	04057F0D	ANQRHNdrissi	Clan Mother N'drissi	KhajiitRace	F	4	184,131,76	80	172,130,86	172,130,86	0
02057F0E	04057F0E	ANQRHNdek	N'dek	KhajiitRace	M	1	189,124,58	80	176,124,71	176,124,71	0
02018B69	04018B69	ANQMISCAgamanusPriest01	Priest of Agamanus	ImperialRace	M	1	187,117,75	80	175,119,85	175,119,85	0
02018B6B	04018B6B	ANQMISCAgamanusPriest02	Priest of Agamanus	ImperialRace	M	1	187,117,75	80	175,119,85	175,119,85	0
020327B5	040327B5	ANQMNIdhassi	High Priestess Idhassi	ImperialRace	F	13	182,112,70	80	171,115,81	171,115,81	0
02019678	04019678	ANQDNCNisaba	Nisaba	ImperialRace	F	13	182,112,70	80	171,115,81	171,115,81	0
020B8141	040B8141	ANQORCOrbiasTumnus	Orbias Tumnus	BretonRace	M	2	225,161,115	80	205,154,117	205,154,117	0
020B8142	040B8142	ANQORCSsecgarsi	Ssecgarsi	ImperialRace	M	1	187,117,75	80	175,119,85	175,119,85	0
02019686	04019686	ANQDNCNahabirr	Nahabirr	ImperialRace	M	1	187,117,75	80	175,119,85	175,119,85	0
020327B8	040327B8	ANQMNMShaani	Priestess M'Shaani	ImperialRace	F	13	182,112,70	80	171,115,81	171,115,81	0
020327BC	040327BC	ANQMNJjarsa	Priestess J'Jarsa	ImperialRace	F	13	182,112,70	80	171,115,81	171,115,81	0
020327C0	040327C0	ANQMNTsiyama	Acolyte Tsiyama	KhajiitRace	F	4	184,131,76	80	172,130,86	172,130,86	0
020327C3	040327C3	ANQMNBahdani	Acolyte Bahdani	ImperialRace	F	13	182,112,70	80	171,115,81	171,115,81	0
02057F0F	04057F0F	ANQRHNZiiim	N'Ziim	KhajiitRace	M	1	189,124,58	80	176,124,71	176,124,71	0
02014687	04014687	ANQRHKjaana	K'jaana	KhajiitRace	F	4	184,131,76	80	172,130,86	172,130,86	0
0200B68C	0400B68C	ANQDUNShanar	Shanar	ImperialRace	M	1	187,117,75	80	175,119,85	175,119,85	0
02033C17	04033C17	ANQTRBDgazahbaClanMother	Dgazehba Clan Mother	ImperialRace	F	13	182,112,70	80	171,115,81	171,115,81	0
020B9240	040B9240	ANQORCYashada	Yashada	RedguardRace	F	23	114,52,24	80	116,67,44	116,67,44	0
0203464D	0403464D	ANQTRBAzkhanTribesman03	Azkhan Warrior	ImperialRace	M	1	187,117,75	80	175,119,85	175,119,85	0
02034650	04034650	ANQTRBDgazahbaTribesman03	Dgazahba Warrior	ImperialRace	M	1	187,117,75	80	175,119,85	175,119,85	0
02034655	04034655	ANQTRBDgazahbaTribesman02	Dgazahba Warrior	ImperialRace	M	1	187,117,75	80	175,119,85	175,119,85	0
0201AD98	0401AD98	ANQCORClabusPortius	Clabus Portius	ImperialRace	M	1	187,117,75	80	175,119,85	175,119,85	0
02034658	04034658	ANQTRBGbujewaWarChief	Gbujewa War Chief	ImperialRace	M	1	187,117,75	80	175,119,85	175,119,85	0
0203465C	0403465C	ANQTRBDgazahbaTribeswoman01	Dgazahba Tribeswoman	ImperialRace	F	13	182,112,70	80	171,115,81	171,115,81	0
0201ADA1	0401ADA1	ANQBRKLibiaBeltaire	Libia Beltaire	BretonRace	F	16	220,156,109	80	201,150,112	201,150,112	0
0203466E	0403466E	ANQTRBAzkhanTribesman01	Azkhan Warrior	ImperialRace	M	1	187,117,75	80	175,119,85	175,119,85	0
0201ADB6	0401ADB6	ANQBRKWibbums	Wibbums	ImperialRace	M	1	187,117,75	80	175,119,85	175,119,85	0
02073810	04073810	ANQSQ08DremoraOfTheLamp	Dremora of the Lamp	DremoraRace	F	24	57,60,60	80	71,73,73	71,73,73	0
02073818	04073818	ANQTribalShamanM01OhmesRaht	Tribal Shaman	ImperialRace	M	1	187,117,75	80	175,119,85	175,119,85	0
0207EFE1	0407EFE1	ANQDUNWaterKeeper	Water Keeper	KhajiitRace	M	1	189,124,58	80	176,124,71	176,124,71	0
020B9270	040B9270	ANQORCMerchantsGuildGuard	Merchants Guild Guard	KhajiitRace	F	4	184,131,76	80	172,130,86	172,130,86	0
0207381B	0407381B	ANQTribalShamanM02Suthay	Tribal Shaman	ImperialRace	M	1	187,117,75	80	175,119,85	175,119,85	0
0207381D	0407381D	ANQTribalShamanM03Suthay	Tribal Shaman	ImperialRace	M	1	187,117,75	80	175,119,85	175,119,85	0
0207381F	0407381F	ANQTribalShamanM04Ohmes	Tribal Shaman	ImperialRace	M	1	187,117,75	80	175,119,85	175,119,85	0
0209591E	0409591E	ANQDUNBahmarra	Bahmarra	ImperialRace	F	13	182,112,70	80	171,115,81	171,115,81	0
02073825	04073825	ANQTribalShamanF01Ohmes	Tribal Witch	ImperialRace	F	13	182,112,70	80	171,115,81	171,115,81	0
02073827	04073827	ANQTribalShamanF02Suthay	Tribal Witch	ImperialRace	F	13	182,112,70	80	171,115,81	171,115,81	0
0201ADBA	0401ADBA	ANQBRKSnuggles	Snuggles	ImperialRace	M	1	187,117,75	80	175,119,85	175,119,85	0
0201ADBD	0401ADBD	ANQBRKFluffball	Fluffball	KhajiitRace	M	1	189,124,58	80	176,124,71	176,124,71	0
02034670	04034670	ANQTRBAzkhanTribesman02	Azkhan Warrior	KhajiitRace	M	1	189,124,58	80	176,124,71	176,124,71	0
0200B68E	0400B68E	ANQDUNSalun	Salun	ImperialRace	M	1	187,117,75	80	175,119,85	175,119,85	0
0201468A	0401468A	ANQRHWajabh	Wajabh	KhajiitRace	M	1	189,124,58	80	176,124,71	176,124,71	0
020963E2	040963E2	ANQDUNCherimWorker01	Cherim Worker	KhajiitRace	F	4	184,131,76	80	172,130,86	172,130,86	0
020963E4	040963E4	ANQDUNCherimWorker04	Cherim Worker	KhajiitRace	F	4	184,131,76	80	172,130,86	172,130,86	0
020963E6	040963E6	ANQDUNCherimWorker02	Cherim Worker	ImperialRace	F	13	182,112,70	80	171,115,81	171,115,81	0
020963E8	040963E8	ANQDUNCherimWorker05	Cherim Worker	ImperialRace	F	13	182,112,70	80	171,115,81	171,115,81	0
02073842	04073842	ANQSQ03Slababa	S'lababa	ImperialRace	M	1	187,117,75	80	175,119,85	175,119,85	0
02001E87	04001E87	ANQCORKisimba	Kisimba	ImperialRace	M	1	187,117,75	80	175,119,85	175,119,85	0
020350CD	040350CD	ANQTRBDgazahbaTribeswoman02	Dgazahba Tribeswoman	KhajiitRace	F	4	184,131,76	80	172,130,86	172,130,86	0
02001FA7	04001FA7	ANQCORYajira	Yajira	KhajiitRace	F	4	184,131,76	80	172,130,86	172,130,86	0
020350D0	040350D0	ANQTRBDgazahbaTribeswoman03	Dgazahba Tribeswoman	ImperialRace	F	13	182,112,70	80	171,115,81	171,115,81	0
020350D2	040350D2	ANQTRBAzkhanClanMother	Azkhan Clan Mother	ImperialRace	F	13	182,112,70	80	171,115,81	171,115,81	0
02098569	04098569	ANQDUNCherimWarehouseGuard	Cherim Warehouse Guard	ImperialRace	M	1	187,117,75	80	175,119,85	175,119,85	0
0209856E	0409856E	ANQDUNLeetalaCherim	Leetala Cherim	ImperialRace	F	13	182,112,70	80	171,115,81	171,115,81	0
02051DAA	04051DAA	ANQRHDgazahbiTribesman01	Dgazahbi Tribesman	KhajiitRace	M	1	189,124,58	80	176,124,71	176,124,71	0
02014693	04014693	ANQRHTaneena	Taneena	ArgonianRace	F	16	81,64,40	80	90,76,57	90,76,57	0
02012540	04012540	ANQDNCRoelof	Roelof	NordRace	M	1	235,159,140	80	213,152,137	213,152,137	0
02014699	04014699	ANQRHZtigi	Z'tigi	KhajiitRace	M	1	189,124,58	80	176,124,71	176,124,71	0
02014D79	04014D79	ANQRHWajiq	Wajiq	ImperialRace	M	1	187,117,75	80	175,119,85	175,119,85	0
02014D7B	04014D7B	ANQRHYgraska	Y'graska	KhajiitRace	F	4	184,131,76	80	172,130,86	172,130,86	0
02015399	04015399	ANQRHCelithia	Celithia	WoodElfRace	F	24	194,131,97	80	180,130,103	180,130,103	0
020153AA	040153AA	ANQRHNasiusDio	Nasius Dio	ImperialRace	M	1	187,117,75	80	175,119,85	175,119,85	0
02015A9E	04015A9E	ANQRHCorneliaDio	Cornelia Dio	ImperialRace	F	13	182,112,70	80	171,115,81	171,115,81	0
020168C0	040168C0	ANQRHHzardirr	Hzardirr	KhajiitRace	M	1	189,124,58	80	176,124,71	176,124,71	0
020365E7	040365E7	ANQSQ09DarshgraMaduk	Darsh gra-Maduk	OrcRace	F	13	100,108,44	80	105,111,60	105,111,60	0
02018EAB	04018EAB	ANQRHBlaahl	B'laahl the Shepherd	KhajiitRace	M	1	189,124,58	80	176,124,71	176,124,71	0
0201B7E1	0401B7E1	ANQRHLucDemers	Luc Demers	BretonRace	M	2	225,161,115	80	205,154,117	205,154,117	0
0201B7E4	0401B7E4	ANQRHLovrynTherano	Lovryn Therano	DarkElfRace	M	1	89,88,83	80	96,95,91	96,95,91	0
020BDE0B	040BDE0B	ANQImperialLegionRiderRiverhold	Imperial Legion Soldier	ImperialRace	M	1	187,117,75	80	175,119,85	175,119,85	0
02015B8C	04015B8C	ANQCORAshisha	Ashisha	ImperialRace	F	13	182,112,70	80	171,115,81	171,115,81	0
020BDE19	040BDE19	ANQTG02Courier	Courier	BretonRace	F	16	220,156,109	80	201,150,112	201,150,112	0
02015CD5	04015CD5	ANQCORGalwen	Galwen	WoodElfRace	M	1	199,135,102	80	184,133,107	184,133,107	0
02015CEE	04015CEE	ANQCOROntWazei	Ont-Wazei	ArgonianRace	F	16	81,64,40	80	90,76,57	90,76,57	0
02023996	04023996	ANQCORGuidodeMoer	Guido de Moer	BretonRace	M	2	225,161,115	80	205,154,117	205,154,117	0
020BE685	040BE685	ANQTARYsaani	Ysaani	KhajiitRace	F	4	184,131,76	80	172,130,86	172,130,86	0
0205AEF3	0405AEF3	ANQKNGElephantSeller	G'nyassa	ImperialRace	F	13	182,112,70	80	171,115,81	171,115,81	0
0205AEF5	0405AEF5	ANQKNGElephantKeeper	Maduk	RedguardRace	M	1	119,56,30	80	120,70,49	120,70,49	0
02015DF0	04015DF0	ANQRenrijraKrinRunner01	Renrijra Krin Runner	KhajiitRace	F	4	184,131,76	80	172,130,86	172,130,86	0
02015DF2	04015DF2	ANQDNCMuraggraLazgarn	Murag gra-Lazgarn	OrcRace	F	13	100,108,44	80	105,111,60	105,111,60	0
02015DF5	04015DF5	ANQRenrijraKrinRunner02	Renrijra Krin Runner	ImperialRace	M	1	187,117,75	80	175,119,85	175,119,85	0
02015DF7	04015DF7	ANQRenrijraKrinRunner03	Renrijra Krin Runner	ImperialRace	M	1	187,117,75	80	175,119,85	175,119,85	0
02084D19	04084D19	ANQRMNRimmenGuardPatrolDay01	Rimmen Guard	ImperialRace	M	1	187,117,75	80	175,119,85	175,119,85	0
02084D1C	04084D1C	ANQRMNRimmenGuardPatrolNight01	Rimmen Guard	ImperialRace	M	1	187,117,75	80	175,119,85	175,119,85	0
02084D1F	04084D1F	ANQRMNRimmenGuardPostDay01	Rimmen Guard	ImperialRace	M	1	187,117,75	80	175,119,85	175,119,85	0
02084D20	04084D20	ANQRMNRimmenGuardPostDay02	Rimmen Guard	ImperialRace	M	1	187,117,75	80	175,119,85	175,119,85	0
02084D21	04084D21	ANQRMNRimmenGuardPostDay03	Rimmen Guard	ImperialRace	M	1	187,117,75	80	175,119,85	175,119,85	0
02084D22	04084D22	ANQRMNRimmenGuardPostNight01	Rimmen Guard	ImperialRace	M	1	187,117,75	80	175,119,85	175,119,85	0
02084D23	04084D23	ANQRMNRimmenGuardPostNight02	Rimmen Guard	ImperialRace	M	1	187,117,75	80	175,119,85	175,119,85	0
02084D24	04084D24	ANQRMNRimmenGuardPostNight03	Rimmen Guard	ImperialRace	M	1	187,117,75	80	175,119,85	175,119,85	0
02084D27	04084D27	ANQRMNRimmenGuardJailorDay	Rimmen Jailor	ImperialRace	M	1	187,117,75	80	175,119,85	175,119,85	0
02084D28	04084D28	ANQRMNRimmenGuardJailorNight	Rimmen Jailor	ImperialRace	M	1	187,117,75	80	175,119,85	175,119,85	0
02084D29	04084D29	ANQRMNRimmenGuardPostDay04	Rimmen Guard	ImperialRace	M	1	187,117,75	80	175,119,85	175,119,85	0
02084D2A	04084D2A	ANQRMNRimmenGuardPostNight04	Rimmen Guard	ImperialRace	M	1	187,117,75	80	175,119,85	175,119,85	0
02015DF9	04015DF9	ANQRenrijraKrinRunner04	Renrijra Krin Runner	ImperialRace	F	13	182,112,70	80	171,115,81	171,115,81	0
0208A717	0408A717	ANQTRBQwazaniTribesman01	Q'wazani Warrior	KhajiitRace	M	1	189,124,58	80	176,124,71	176,124,71	0
0208A718	0408A718	ANQTRBQwazaniTribesman03	Q'wazani Warrior	ImperialRace	M	1	187,117,75	80	175,119,85	175,119,85	0
0208A719	0408A719	ANQTRBQwazaniTribesman02	Q'wazani Warrior	ImperialRace	M	1	187,117,75	80	175,119,85	175,119,85	0
0208A71A	0408A71A	ANQTRBQwazaniTribeswoman01	Q'wazani Tribeswoman	ImperialRace	F	13	182,112,70	80	171,115,81	171,115,81	0
0208A71B	0408A71B	ANQTRBQwazaniTribeswoman02	Q'wazani Tribeswoman	KhajiitRace	F	4	184,131,76	80	172,130,86	172,130,86	0
0208A71C	0408A71C	ANQTRBQwazaniTribeswoman03	Q'wazani Tribeswoman	ImperialRace	F	13	182,112,70	80	171,115,81	171,115,81	0
02015DFB	04015DFB	ANQRenrijraKrinRunner05	Renrijra Krin Runner	ImperialRace	F	13	182,112,70	80	171,115,81	171,115,81	0
02015ECB	04015ECB	ANQCORJinsiraga	Jinsiraga	ImperialRace	F	13	182,112,70	80	171,115,81	171,115,81	0
0200E3D4	0400E3D4	ANQORCMogadraGuush	Moga dra-Guush	OrcRace	F	13	100,108,44	80	105,111,60	105,111,60	0
0200E3D6	0400E3D6	ANQORCAbgoldroLadug	Abgol dro-Ladug	OrcRace	M	1	103,111,45	80	107,114,61	107,114,61	0
020193C0	040193C0	ANQCORNahdvirr	Nahdvirr	ImperialRace	M	1	187,117,75	80	175,119,85	175,119,85	0
0200E33D	0400E33D	ANQORCJNagasar	J'Nagasar	ImperialRace	M	1	187,117,75	80	175,119,85	175,119,85	0
02019583	04019583	ANQCORFloressaDeMoer	Floressa de Moer	BretonRace	F	16	220,156,109	80	201,150,112	201,150,112	0
020028E0	040028E0	ANQALBAyishak	Ayishak	ImperialRace	M	1	187,117,75	80	175,119,85	175,119,85	0
0201A186	0401A186	ANQCORGhostTsanja	Ghost of Tsanja	ImperialRace	F	13	182,112,70	80	171,115,81	171,115,81	0
02078252	04078252	ANQHG03Mnalawa	Mnalawa	ImperialRace	F	13	182,112,70	80	171,115,81	171,115,81	0
0201B7CF	0401B7CF	ANQCORSdarasgari	S'darasgari	ImperialRace	M	1	187,117,75	80	175,119,85	175,119,85	0
0201B7D4	0401B7D4	ANQCORZeedEi	Zeed-Ei	ArgonianRace	M	38	101,56,33	80	106,70,51	106,70,51	0
020247DD	040247DD	ANQCOREvadeMoer	Eva de Moer	BretonRace	F	16	220,156,109	80	201,150,112	201,150,112	0
02033CAC	04033CAC	ANQCORAdrenSovalu	Adren Sovalu	DarkElfRace	M	1	89,88,83	80	96,95,91	96,95,91	0
02033CAF	04033CAF	ANQCORLlaveraSovalu	Llavera Sovalu	DarkElfRace	F	24	84,84,78	80	92,92,87	92,92,87	0
0201F4BB	0401F4BB	ANQCORRaWafirr	Ra'Wafirr	KhajiitRace	M	1	189,124,58	80	176,124,71	176,124,71	0
02020370	04020370	ANQCORJaRisha	Ja'Risha	ImperialRace	F	13	182,112,70	80	171,115,81	171,115,81	0
020247E6	040247E6	ANQCORHzahbi	Hzahbi	ImperialRace	M	1	187,117,75	80	175,119,85	175,119,85	0
02020450	04020450	ANQCORIulusTarpenius	Iulus Tarpenius	ImperialRace	M	1	187,117,75	80	175,119,85	175,119,85	0
0202219D	0402219D	ANQCORAzhaba	Azhaba	ImperialRace	F	13	182,112,70	80	171,115,81	171,115,81	0
020218FB	040218FB	ANQCORShavaRotTooth	Shava Rot-Tooth	KhajiitRace	M	1	189,124,58	80	176,124,71	176,124,71	0
020218FE	040218FE	ANQCORCaecaRatTongue	Caeca Rat-Tongue	ImperialRace	F	13	182,112,70	80	171,115,81	171,115,81	0
02021902	04021902	ANQCORScabSkinHaraj	Scab-skin Haraj	ImperialRace	M	1	187,117,75	80	175,119,85	175,119,85	0
02022EB0	04022EB0	ANQCORCorintheGuardPatrolDay01	Corinthe Guard	ImperialRace	F	13	182,112,70	80	171,115,81	171,115,81	0
02022EB4	04022EB4	ANQCORCorintheGuardPatrolNight01	Corinthe Guard	ImperialRace	M	1	187,117,75	80	175,119,85	175,119,85	0
0202219F	0402219F	ANQCORNarinaPortius	Narina Portius	ImperialRace	F	13	182,112,70	80	171,115,81	171,115,81	0
020221A1	040221A1	ANQCORHagulDroMagrush	Hagul dro-Magrush	OrcRace	M	1	103,111,45	80	107,114,61	107,114,61	0
020221A3	040221A3	ANQCORWilrick	Wilrick	RedguardRace	M	1	119,56,30	80	120,70,49	120,70,49	0
020231D6	040231D6	ANQCOROgradroBadrak	Ogra dro-Badrak	OrcRace	F	13	100,108,44	80	105,111,60	105,111,60	0
02023220	04023220	ANQCORDjari	D'jari	KhajiitRace	M	1	189,124,58	80	176,124,71	176,124,71	0
0203685B	0403685B	ANQCORSlaveJsaddha	J'Saddha	KhajiitRace	M	1	189,124,58	80	176,124,71	176,124,71	0
02037289	04037289	ANQCORSlaveKhamuzi	Khamuzi	ImperialRace	F	13	182,112,70	80	171,115,81	171,115,81	0
0203728B	0403728B	ANQCORSlaveAffri	Affri	KhajiitRace	F	4	184,131,76	80	172,130,86	172,130,86	0
0203728E	0403728E	ANQCORSlaveSholani	Sholani	ImperialRace	M	1	187,117,75	80	175,119,85	175,119,85	0
02037291	04037291	ANQCORSlaveRivassa	Ri'Vassa	KhajiitRace	M	1	189,124,58	80	176,124,71	176,124,71	0
02037294	04037294	ANQCORTsambadi	Lampkeeper Tsambadi	ImperialRace	F	13	182,112,70	80	171,115,81	171,115,81	0
0202E52F	0402E52F	ANQCORJolana	Jolana	RedguardRace	F	23	114,52,24	80	116,67,44	116,67,44	0
02037DDC	04037DDC	ANQCORLadon	Ladon	RedguardRace	M	1	119,56,30	80	120,70,49	120,70,49	0
0200F482	0400F482	ANQImperialLegionRiderDarkarn	Imperial Legion Soldier	ImperialRace	M	1	187,117,75	80	175,119,85	175,119,85	0
02038DB7	04038DB7	ANQBRKImperialLegionSoldierInnDarkarn	Imperial Legion Soldier	ImperialRace	M	1	187,117,75	80	175,119,85	175,119,85	0
0200F48F	0400F48F	ANQCaravanMerchant1	Caravan Merchant	ImperialRace	M	1	187,117,75	80	175,119,85	175,119,85	0
0200F497	0400F497	ANQCaravanMerchant2	Caravan Merchant	KhajiitRace	M	1	189,124,58	80	176,124,71	176,124,71	0
0200F4A1	0400F4A1	ANQCaravanMerchant3	Caravan Merchant	RedguardRace	M	1	119,56,30	80	120,70,49	120,70,49	0
0203C8A9	0403C8A9	ANQCORVrydgartheBrazen	Vrydgar the Brazen	NordRace	M	1	235,159,140	80	213,152,137	213,152,137	0
0203C8B7	0403C8B7	ANQCORIngaLooseLegs	Inga Loose-Legs	NordRace	F	24	230,155,134	80	209,149,132	209,149,132	0
0200FCE0	0400FCE0	ANQORCOrcrestGuardPostDay01	Orcrest Guard	OrcRace	M	1	103,111,45	80	107,114,61	107,114,61	0
0200FCE1	0400FCE1	ANQORCOrcrestGuardPostNight01	Orcrest Guard	OrcRace	M	1	103,111,45	80	107,114,61	107,114,61	0
0203D349	0403D349	ANQCORMarahd	Marahd	ImperialRace	M	1	187,117,75	80	175,119,85	175,119,85	0
0203D34E	0403D34E	ANQCORSnarriva	Snarriva	ImperialRace	F	13	182,112,70	80	171,115,81	171,115,81	0
0203D354	0403D354	ANQCORDrobarzi	Drobarzi	KhajiitRace	M	1	189,124,58	80	176,124,71	176,124,71	0
0200FCE4	0400FCE4	ANQORCOrcrestGuardPostDay02	Orcrest Guard	OrcRace	M	1	103,111,45	80	107,114,61	107,114,61	0
0200FCE5	0400FCE5	ANQORCOrcrestGuardPostDay03	Orcrest Guard	OrcRace	M	1	103,111,45	80	107,114,61	107,114,61	0
0200FCE6	0400FCE6	ANQORCOrcrestGuardPostNight02	Orcrest Guard	OrcRace	M	1	103,111,45	80	107,114,61	107,114,61	0
02092F29	04092F29	ANQORCAgorak	Agorak	RedguardRace	M	1	119,56,30	80	120,70,49	120,70,49	0
0200FCE7	0400FCE7	ANQORCOrcrestGuardPostNight03	Orcrest Guard	OrcRace	M	1	103,111,45	80	107,114,61	107,114,61	0
0201C0DF	0401C0DF	ANQRHRiverholdGuardPostDay01	Riverhold Guard	KhajiitRace	M	1	189,124,58	80	176,124,71	176,124,71	0
0201C0F2	0401C0F2	ANQRHRiverholdGuardPostNight01	Riverhold Guard	ImperialRace	M	1	187,117,75	80	175,119,85	175,119,85	0
020A7614	040A7614	ANQRMNSkeetelJei	Skeetel-Jei	ArgonianRace	M	38	101,56,33	80	106,70,51	106,70,51	0
020A88D7	040A88D7	ANQRMNLinJiao	Lin-Jiao	ImperialRace	F	13	182,112,70	80	171,115,81	171,115,81	0
020A88D8	040A88D8	ANQRMNMarette	Marette	BretonRace	F	16	220,156,109	80	201,150,112	201,150,112	0
020A88D9	040A88D9	ANQRMNGluntiusBobatus	Gluntius Bobatus	ImperialRace	M	1	187,117,75	80	175,119,85	175,119,85	0
020A88DA	040A88DA	ANQRMNSanbal	Sanbal	RedguardRace	M	1	119,56,30	80	120,70,49	120,70,49	0
020A88DB	040A88DB	ANQRMNKhanoud	Khanoud	ImperialRace	M	1	187,117,75	80	175,119,85	175,119,85	0
020A88DC	040A88DC	ANQRMNJShahb	J'Shahb	ImperialRace	M	1	187,117,75	80	175,119,85	175,119,85	0
020A88DD	040A88DD	ANQRMNHalderik	Halderik	NordRace	M	1	235,159,140	80	213,152,137	213,152,137	0
0200FE1E	0400FE1E	ANQTRBAzkhanWarChief	Azkhan War Chief	ImperialRace	M	1	187,117,75	80	175,119,85	175,119,85	0
020A88DF	040A88DF	ANQRMNDaxu	Daxu	ImperialRace	M	1	187,117,75	80	175,119,85	175,119,85	0
020A88E0	040A88E0	ANQRMNThedimir	Thedimir	WoodElfRace	M	1	199,135,102	80	184,133,107	184,133,107	0
0201163D	0401163D	ANQTRBAzkhanTribeswoman01	Azkhan Tribeswoman	ImperialRace	F	13	182,112,70	80	171,115,81	171,115,81	0
0201163F	0401163F	ANQTRBAzkhanTribeswoman02	Azkhan Tribeswoman	KhajiitRace	F	4	184,131,76	80	172,130,86	172,130,86	0
02011645	04011645	ANQTRBAzkhanTribeswoman03	Azkhan Tribeswoman	ImperialRace	F	13	182,112,70	80	171,115,81	171,115,81	0
02032B3F	04032B3F	ANQORCAnakgroMorok	Anak gro-Morok	OrcRace	M	1	103,111,45	80	107,114,61	107,114,61	0
020417AD	040417AD	ANQCORShedzana	Shedzana	ImperialRace	F	13	182,112,70	80	171,115,81	171,115,81	0
02033416	04033416	ANQORCDinhcara	Dinh'cara	DarkElfRace	F	24	84,84,78	80	92,92,87	92,92,87	0
02057F08	04057F08	ANQRHShomdroMagrok	Shom dro-Magrok	OrcRace	M	1	103,111,45	80	107,114,61	107,114,61	0
0204388E	0404388E	ANQCORPsharAbtanjana	P'shar Abtanjana	ImperialRace	F	13	182,112,70	80	171,115,81	171,115,81	0
0203341D	0403341D	ANQORCSalaunBrigette	Salaun Brigette	BretonRace	M	2	225,161,115	80	205,154,117	205,154,117	0
0207CC8F	0407CC8F	ANQSQ07Highwayman	Highwayman	ImperialRace	M	1	187,117,75	80	175,119,85	175,119,85	0
020121D7	040121D7	ANQDUNMgada	Mgada the Wise	ImperialRace	F	13	182,112,70	80	171,115,81	171,115,81	0
0207DCEB	0407DCEB	ANQSQ08LoveMan	Love	ImperialRace	M	1	187,117,75	80	175,119,85	175,119,85	0
020AFAB6	040AFAB6	ANQRMNKhajiitBeggar01	Khajiit Beggar	KhajiitRace	F	4	184,131,76	80	172,130,86	172,130,86	0
020AFAB8	040AFAB8	ANQRMNKhajiitBeggar02	Khajiit Beggar	KhajiitRace	M	1	189,124,58	80	176,124,71	176,124,71	0
020B03F9	040B03F9	ANQRMNDancesInLight	Dances-In-Light	ArgonianRace	F	16	81,64,40	80	90,76,57	90,76,57	0
020B03FA	040B03FA	ANQRMNTanparion	Tanparion	ImperialRace	M	1	187,117,75	80	175,119,85	175,119,85	0
020B0C99	040B0C99	ANQRMNNagahni	Nagahni	ImperialRace	F	13	182,112,70	80	171,115,81	171,115,81	0
0207DCEC	0407DCEC	ANQSQ08LoveWoman	Love	ImperialRace	F	13	182,112,70	80	171,115,81	171,115,81	0
0207DCF7	0407DCF7	ANQSQ08DeadKhajiit	Dead Khajiit	KhajiitRace	M	1	189,124,58	80	176,124,71	176,124,71	0
020B4F49	040B4F49	ANQRMNMeiZhong	Mei-Zhong	RedguardRace	F	23	114,52,24	80	116,67,44	116,67,44	0
0201EDBF	0401EDBF	ANQRHJoRasma	Jo'Rasma	ImperialRace	F	13	182,112,70	80	171,115,81	171,115,81	0
0209E326	0409E326	ANQDUNFarrus	Farrus	ImperialRace	M	1	187,117,75	80	175,119,85	175,119,85	0
02034EF0	04034EF0	ANQORCMaHaffi	Ma'Haffi	ImperialRace	M	1	187,117,75	80	175,119,85	175,119,85	0
020B9091	040B9091	ANQRMNHestaScalpinius	Hesta Scalpinius	ImperialRace	F	13	182,112,70	80	171,115,81	171,115,81	0
0200FCF0	0400FCF0	ANQCORCorintheGuardPostDay01	Corinthe Guard	KhajiitRace	M	1	189,124,58	80	176,124,71	176,124,71	0
020B90B8	040B90B8	ANQRMNCardusScalpinius	Cardus Scalpinius	ImperialRace	M	1	187,117,75	80	175,119,85	175,119,85	0
02036ABD	04036ABD	ANQORCLurgogroHadagh	Lurgo gro-Hadagh	OrcRace	M	1	103,111,45	80	107,114,61	107,114,61	0
02036AC6	04036AC6	ANQORCTkajeja	T'kajeja	ImperialRace	F	13	182,112,70	80	171,115,81	171,115,81	0
02036ACE	04036ACE	ANQORCInyel	Inyel	HighElfRace	M	1	213,180,78	80	195,169,87	195,169,87	0
020373B6	040373B6	ANQORCRaBandah	Ra'Bandah	KhajiitRace	M	1	189,124,58	80	176,124,71	176,124,71	0
020A5B01	040A5B01	ANQDUNOdrogil	Foreman Odrogil	HighElfRace	M	1	213,180,78	80	195,169,87	195,169,87	0
020A5B06	040A5B06	ANQDUNTheCrone	The Crone	ImperialRace	F	13	182,112,70	80	171,115,81	171,115,81	0
020BB57E	040BB57E	ANQRMNSorosaDorvayn	Sorosa Dorvayn	DarkElfRace	F	24	84,84,78	80	92,92,87	92,92,87	0
020BB5EA	040BB5EA	ANQRMNBrathasRelvani	Brathas Relvani	DarkElfRace	M	1	89,88,83	80	96,95,91	96,95,91	0
0200FCF1	0400FCF1	ANQCORCorintheGuardPostDay02	Corinthe Guard	ImperialRace	F	13	182,112,70	80	171,115,81	171,115,81	0
020BD16E	040BD16E	ANQRMNSkoomaAddict01	Skooma Addict	KhajiitRace	M	1	189,124,58	80	176,124,71	176,124,71	0
02037CF7	04037CF7	ANQORCOyakhaSharzog	Oyakha Sharzog	OrcRace	F	13	100,108,44	80	105,111,60	105,111,60	0
020D3A25	040D3A25	ANQRMNTiffa	Tiffa	RedguardRace	F	23	114,52,24	80	116,67,44	116,67,44	0
020A634F	040A634F	ANQDUNDgazahbaTribesman	Dgazahba Tribesman	ImperialRace	M	1	187,117,75	80	175,119,85	175,119,85	0
02038BFE	04038BFE	ANQORCStatillaCarauda	Statilla Carauda	ImperialRace	F	13	182,112,70	80	171,115,81	171,115,81	0
020A6C09	040A6C09	ANQDUNClayd	Clayd	RedguardRace	M	1	119,56,30	80	120,70,49	120,70,49	0
020A6C11	040A6C11	ANQDUNLeba	Leba	RedguardRace	F	23	114,52,24	80	116,67,44	116,67,44	0
020A9780	040A9780	ANQDUNHroaldIronArm	Hroald Iron-Arm	NordRace	M	1	235,159,140	80	213,152,137	213,152,137	0
0200FCF2	0400FCF2	ANQCORCorintheGuardPostDay03	Corinthe Guard	ImperialRace	M	1	187,117,75	80	175,119,85	175,119,85	0
02048EC0	04048EC0	ANQCORCorinthePalaceGuardPostDay01	Corinthe Palace Guard	ImperialRace	M	1	187,117,75	80	175,119,85	175,119,85	0
020AB2A0	040AB2A0	ANQDUNWasbhaji	Wasbhaji	KhajiitRace	M	1	189,124,58	80	176,124,71	176,124,71	0
02048EC2	04048EC2	ANQCORCorinthePalaceGuardPostDay02	Corinthe Palace Guard	ImperialRace	F	13	182,112,70	80	171,115,81	171,115,81	0
020DCB6C	040DCB6C	ANQORCKingGrogolagmuth	King Grogolagmuth	OrcRace	M	1	103,111,45	80	107,114,61	107,114,61	0
02080E28	04080E28	ANQSQ05Gjuna	G'juna	ImperialRace	M	1	187,117,75	80	175,119,85	175,119,85	0
020AC3AB	040AC3AB	ANQDUNBatiaArastius	Batia Arastius	ImperialRace	F	13	182,112,70	80	171,115,81	171,115,81	0
0200FCF3	0400FCF3	ANQCORCorintheGuardPostNight01	Corinthe Guard	ImperialRace	M	1	187,117,75	80	175,119,85	175,119,85	0
02049759	04049759	ANQCORCorinthePalaceGuardPostDay03	Corinthe Palace Guard	ImperialRace	M	1	187,117,75	80	175,119,85	175,119,85	0
0200FCF4	0400FCF4	ANQCORCorintheGuardPostNight02	Corinthe Guard	KhajiitRace	F	4	184,131,76	80	172,130,86	172,130,86	0
020DF532	040DF532	ANQ0KNGBuccioNorbanusTEMP	Buccio Norbanus	ImperialRace	M	1	187,117,75	80	175,119,85	175,119,85	0
020DF533	040DF533	ANQ0ORCYashadaTEMP	Yashada	RedguardRace	F	23	114,52,24	80	116,67,44	116,67,44	0
020DF534	040DF534	ANQ0CORPsharAbtanjanaTEMP	P'shar Abtanjana	ImperialRace	F	13	182,112,70	80	171,115,81	171,115,81	0
02069C4B	04069C4B	ANQCORMoonPriestess01	Moon Priestess	ImperialRace	F	13	182,112,70	80	171,115,81	171,115,81	0
0200FCF5	0400FCF5	ANQCORCorintheGuardPostNight03	Corinthe Guard	ImperialRace	F	13	182,112,70	80	171,115,81	171,115,81	0
0206BD61	0406BD61	ANQRMNTonenakaMonk01	Tonenaka Monk	RedguardRace	M	1	119,56,30	80	120,70,49	120,70,49	0
0206BD62	0406BD62	ANQRMNWuTan	Wu-Tan	RedguardRace	M	1	119,56,30	80	120,70,49	120,70,49	0
0206BD63	0406BD63	ANQRMNTonenakaMonk02	Tonenaka Monk	RedguardRace	M	1	119,56,30	80	120,70,49	120,70,49	0
02014F4E	04014F4E	ANQSQ05ValenwoodArcher01	Valenwood Soldier	WoodElfRace	M	1	199,135,102	80	184,133,107	184,133,107	0
020AFBDB	040AFBDB	ANQDUNDuneJailor	Dune Jailor	ImperialRace	M	1	187,117,75	80	175,119,85	175,119,85	0
0206BDBC	0406BDBC	ANQRMNKingXanu	King Xanu	RedguardRace	M	1	119,56,30	80	120,70,49	120,70,49	0
0206F6D5	0406F6D5	ANQRMNRimmenGuardKingEscort	King's Bodyguard	ImperialRace	M	1	187,117,75	80	175,119,85	175,119,85	0
0206F6FC	0406F6FC	ANQRMNRimmenGuardPostDay05	Rimmen Guard	ImperialRace	M	1	187,117,75	80	175,119,85	175,119,85	0
0206F6FD	0406F6FD	ANQRMNRimmenGuardPostNight05	Rimmen Guard	ImperialRace	M	1	187,117,75	80	175,119,85	175,119,85	0
02070833	04070833	ANQRMNSkoomaAddictCrazed01	Crazed Skooma Addict	KhajiitRace	M	1	189,124,58	80	176,124,71	176,124,71	0
02014F51	04014F51	ANQSQ05ValenwoodArcher02	Valenwood Soldier	WoodElfRace	F	24	194,131,97	80	180,130,103	180,130,103	0
0207720E	0407720E	ANQRMNTsunChi	Tsun-Chi	RedguardRace	M	1	119,56,30	80	120,70,49	120,70,49	0
020B0CCC	040B0CCC	ANQDUNMarvysDralor	Marvys Dralor	DarkElfRace	M	1	89,88,83	80	96,95,91	96,95,91	0
020B1FA8	040B1FA8	ANQDUNNightWatchman	Night Watchman	ImperialRace	M	1	187,117,75	80	175,119,85	175,119,85	0
02014F53	04014F53	ANQSQ05ValenwoodCaptain01	Valenwood Captain	WoodElfRace	M	1	199,135,102	80	184,133,107	184,133,107	0
020105AB	040105AB	ANQDUNDuneGuardPostDay01	Dune Guard	ImperialRace	M	1	187,117,75	80	175,119,85	175,119,85	0
0207E3E4	0407E3E4	ANQRMNIlengar	Ilengar	HighElfRace	M	1	213,180,78	80	195,169,87	195,169,87	0
0207E3E7	0407E3E7	ANQRMNRishaya	Rishaya	ImperialRace	F	13	182,112,70	80	171,115,81	171,115,81	0
0207E3E8	0407E3E8	ANQRMNJShambar	J'Shambar	ImperialRace	M	1	187,117,75	80	175,119,85	175,119,85	0
02014F56	04014F56	ANQSQ05ValenwoodSoldier01	Valenwood Soldier	WoodElfRace	M	1	199,135,102	80	184,133,107	184,133,107	0
020105AC	040105AC	ANQDUNDuneGuardPostNight01	Dune Guard	KhajiitRace	M	1	189,124,58	80	176,124,71	176,124,71	0
020913BF	040913BF	ANQRMNChibilha	Chibilha	ImperialRace	F	13	182,112,70	80	171,115,81	171,115,81	0
020105EC	040105EC	ANQDUNDuneGuardPostDay02	Dune Guard	ImperialRace	F	13	182,112,70	80	171,115,81	171,115,81	0
020913C8	040913C8	ANQRMNBossMaTombosi	Boss Ma'Tombosi	ImperialRace	M	1	187,117,75	80	175,119,85	175,119,85	0
02092F9F	04092F9F	ANQRMNGhakgroShub	Ghak gro-Shub	OrcRace	M	1	103,111,45	80	107,114,61	107,114,61	0
0203C923	0403C923	ANQORCHidrak	Hidrak the Witch	OrcRace	F	13	100,108,44	80	105,111,60	105,111,60	0
0201664F	0401664F	ANQSQ02GrauushBonekeeper	Gra-uush Bonekeeper	OrcRace	M	1	103,111,45	80	107,114,61	107,114,61	0
020105ED	040105ED	ANQDUNDuneGuardPostNight02	Dune Guard	ImperialRace	M	1	187,117,75	80	175,119,85	175,119,85	0
020826C8	040826C8	ANQSQ06OrcPilgrim01	Orc Pilgrim	OrcRace	M	1	103,111,45	80	107,114,61	107,114,61	0
0209B94A	0409B94A	ANQRMNSkoomaAddict02	Skooma Addict	KhajiitRace	M	1	189,124,58	80	176,124,71	176,124,71	0
0209B94E	0409B94E	ANQRMNSkoomaAddict03	Skooma Addict	KhajiitRace	F	4	184,131,76	80	172,130,86	172,130,86	0
0209B952	0409B952	ANQRMNSkoomaAddict04	Skooma Addict	ImperialRace	M	1	187,117,75	80	175,119,85	175,119,85	0
0209B953	0409B953	ANQRMNSkoomaAddict05	Skooma Addict	ImperialRace	M	1	187,117,75	80	175,119,85	175,119,85	0
0209B954	0409B954	ANQRMNSkoomaAddict06	Skooma Addict	ImperialRace	F	13	182,112,70	80	171,115,81	171,115,81	0
0209B955	0409B955	ANQRMNSkoomaAddict07	Skooma Addict	ImperialRace	M	1	187,117,75	80	175,119,85	175,119,85	0
0209B956	0409B956	ANQRMNSkoomaAddict08	Skooma Addict	ImperialRace	F	13	182,112,70	80	171,115,81	171,115,81	0
0203C931	0403C931	ANQORCGarlag	Garlag the Witch	OrcRace	F	13	100,108,44	80	105,111,60	105,111,60	0
020826CB	040826CB	ANQSQ06OrcPilgrim02	Orc Pilgrim	OrcRace	M	1	103,111,45	80	107,114,61	107,114,61	0
020826CD	040826CD	ANQSQ06OrcPilgrim03	Orc Pilgrim	OrcRace	F	13	100,108,44	80	105,111,60	105,111,60	0
020826D2	040826D2	ANQSQ06OrcPilgrim04	Orc Pilgrim	OrcRace	M	1	103,111,45	80	107,114,61	107,114,61	0
02083F58	04083F58	ANQSQ02BhorlarzgroYambak	Bhorlarz gro-Yambak	OrcRace	M	1	103,111,45	80	107,114,61	107,114,61	0
020166C5	040166C5	ANQSQ09MadukLairBandit01	Bandit	OrcRace	M	1	103,111,45	80	107,114,61	107,114,61	0
